list,num,company,search_name,tech_url,senior_all_url,status
Existing AWS,1,ZOMATO MEDIA PRIVATE LIMITED,ZOMATO MEDIA,https://www.linkedin.com/sales/search/people?query=%28filters%3AList%28%28type%3ACURRENT_COMPANY%2Cvalues%3AList%28%28text%3AZOMATO%20MEDIA%2CselectionType%3AINCLUDED%29%29%29%2C%28type%3ASENIORITY_LEVEL%2Cvalues%3AList%28%28id%3A310%2CselectionType%3AINCLUDED%29%2C%28id%3A300%2CselectionType%3AINCLUDED%29%2C%28id%3A220%2CselectionType%3AINCLUDED%29%2C%28id%3A320%2CselectionType%3AINCLUDED%29%29%29%2C%28type%3AFUNCTION%2Cvalues%3AList%28%28id%3A13%2CselectionType%3AINCLUDED%29%2C%28id%3A8%2CselectionType%3AINCLUDED%29%29%29%29%29,https://www.linkedin.com/sales/search/people?query=%28filters%3AList%28%28type%3ACURRENT_COMPANY%2Cvalues%3AList%28%28text%3AZOMATO%20MEDIA%2CselectionType%3AINCLUDED%29%29%29%2C%28type%3ASENIORITY_LEVEL%2Cvalues%3AList%28%28id%3A310%2CselectionType%3AINCLUDED%29%2C%28id%3A300%2CselectionType%3AINCLUDED%29%2C%28id%3A220%2CselectionType%3AINCLUDED%29%2C%28id%3A320%2CselectionType%3AINCLUDED%29%29%29%29%29,pending
Existing AWS,2,Swiggy,Swiggy,https://www.linkedin.com/sales/search/people?query=%28filters%3AList%28%28type%3ACURRENT_COMPANY%2Cvalues%3AList%28%28text%3ASwiggy%2CselectionType%3AINCLUDED%29%29%29%2C%28type%3ASENIORITY_LEVEL%2Cvalues%3AList%28%28id%3A310%2CselectionType%3AINCLUDED%29%2C%28id%3A300%2CselectionType%3AINCLUDED%29%2C%28id%3A220%2CselectionType%3AINCLUDED%29%2C%28id%3A320%2CselectionType%3AINCLUDED%29%29%29%2C%28type%3AFUNCTION%2Cvalues%3AList%28%28id%3A13%2CselectionType%3AINCLUDED%29%2C%28id%3A8%2CselectionType%3AINCLUDED%29%29%29%29%29,https://www.linkedin.com/sales/search/people?query=%28filters%3AList%28%28type%3ACURRENT_COMPANY%2Cvalues%3AList%28%28text%3ASwiggy%2CselectionType%3AINCLUDED%29%29%29%2C%28type%3ASENIORITY_LEVEL%2Cvalues%3AList%28%28id%3A310%2CselectionType%3AINCLUDED%29%2C%28id%3A300%2CselectionType%3AINCLUDED%29%2C%28id%3A220%2CselectionType%3AINCLUDED%29%2C%28id%3A320%2CselectionType%3AINCLUDED%29%29%29%29%29,pending
Existing AWS,3,Grofers,Grofers,https://www.linkedin.com/sales/search/people?query=%28filters%3AList%28%28type%3ACURRENT_COMPANY%2Cvalues%3AList%28%28text%3AGrofers%2CselectionType%3AINCLUDED%29%29%29%2C%28type%3ASENIORITY_LEVEL%2Cvalues%3AList%28%28id%3A310%2CselectionType%3AINCLUDED%29%2C%28id%3A300%2CselectionType%3AINCLUDED%29%2C%28id%3A220%2CselectionType%3AINCLUDED%29%2C%28id%3A320%2CselectionType%3AINCLUDED%29%29%29%2C%28type%3AFUNCTION%2Cvalues%3AList%28%28id%3A13%2CselectionType%3AINCLUDED%29%2C%28id%3A8%2CselectionType%3AINCLUDED%29%29%29%29%29,https://www.linkedin.com/sales/search/people?query=%28filters%3AList%28%28type%3ACURRENT_COMPANY%2Cvalues%3AList%28%28text%3AGrofers%2CselectionType%3AINCLUDED%29%29%29%2C%28type%3ASENIORITY_LEVEL%2Cvalues%3AList%28%28id%3A310%2CselectionType%3AINCLUDED%29%2C%28id%3A300%2CselectionType%3AINCLUDED%29%2C%28id%3A220%2CselectionType%3AINCLUDED%29%2C%28id%3A320%2CselectionType%3AINCLUDED%29%29%29%29%29,pending
Existing AWS,4,IndiaMart InterMesh Ltd,IndiaMart InterMesh Ltd,https://www.linkedin.com/sales/search/people?query=%28filters%3AList%28%28type%3ACURRENT_COMPANY%2Cvalues%3AList%28%28text%3AIndiaMart%20InterMesh%20Ltd%2CselectionType%3AINCLUDED%29%29%29%2C%28type%3ASENIORITY_LEVEL%2Cvalues%3AList%28%28id%3A310%2CselectionType%3AINCLUDED%29%2C%28id%3A300%2CselectionType%3AINCLUDED%29%2C%28id%3A220%2CselectionType%3AINCLUDED%29%2C%28id%3A320%2CselectionType%3AINCLUDED%29%29%29%2C%28type%3AFUNCTION%2Cvalues%3AList%28%28id%3A13%2CselectionType%3AINCLUDED%29%2C%28id%3A8%2CselectionType%3AINCLUDED%29%29%29%29%29,https://www.linkedin.com/sales/search/people?query=%28filters%3AList%28%28type%3ACURRENT_COMPANY%2Cvalues%3AList%28%28text%3AIndiaMart%20InterMesh%20Ltd%2CselectionType%3AINCLUDED%29%29%29%2C%28type%3ASENIORITY_LEVEL%2Cvalues%3AList%28%28id%3A310%2CselectionType%3AINCLUDED%29%2C%28id%3A300%2CselectionType%3AINCLUDED%29%2C%28id%3A220%2CselectionType%3AINCLUDED%29%2C%28id%3A320%2CselectionType%3AINCLUDED%29%29%29%29%29,pending
Existing AWS,5,DELHIVERY PRIVATE LIMITED,DELHIVERY,https://www.linkedin.com/sales/search/people?query=%28filters%3AList%28%28type%3ACURRENT_COMPANY%2Cvalues%3AList%28%28text%3ADELHIVERY%2CselectionType%3AINCLUDED%29%29%29%2C%28type%3ASENIORITY_LEVEL%2Cvalues%3AList%28%28id%3A310%2CselectionType%3AINCLUDED%29%2C%28id%3A300%2CselectionType%3AINCLUDED%29%2C%28id%3A220%2CselectionType%3AINCLUDED%29%2C%28id%3A320%2CselectionType%3AINCLUDED%29%29%29%2C%28type%3AFUNCTION%2Cvalues%3AList%28%28id%3A13%2CselectionType%3AINCLUDED%29%2C%28id%3A8%2CselectionType%3AINCLUDED%29%29%29%29%29,https://www.linkedin.com/sales/search/people?query=%28filters%3AList%28%28type%3ACURRENT_COMPANY%2Cvalues%3AList%28%28text%3ADELHIVERY%2CselectionType%3AINCLUDED%29%29%29%2C%28type%3ASENIORITY_LEVEL%2Cvalues%3AList%28%28id%3A310%2CselectionType%3AINCLUDED%29%2C%28id%3A300%2CselectionType%3AINCLUDED%29%2C%28id%3A220%2CselectionType%3AINCLUDED%29%2C%28id%3A320%2CselectionType%3AINCLUDED%29%29%29%29%29,pending
Existing AWS,6,Zepto Private Limited,Zepto,https://www.linkedin.com/sales/search/people?query=%28filters%3AList%28%28type%3ACURRENT_COMPANY%2Cvalues%3AList%28%28text%3AZepto%2CselectionType%3AINCLUDED%29%29%29%2C%28type%3ASENIORITY_LEVEL%2Cvalues%3AList%28%28id%3A310%2CselectionType%3AINCLUDED%29%2C%28id%3A300%2CselectionType%3AINCLUDED%29%2C%28id%3A220%2CselectionType%3AINCLUDED%29%2C%28id%3A320%2CselectionType%3AINCLUDED%29%29%29%2C%28type%3AFUNCTION%2Cvalues%3AList%28%28id%3A13%2CselectionType%3AINCLUDED%29%2C%28id%3A8%2CselectionType%3AINCLUDED%29%29%29%29%29,https://www.linkedin.com/sales/search/people?query=%28filters%3AList%28%28type%3ACURRENT_COMPANY%2Cvalues%3AList%28%28text%3AZepto%2CselectionType%3AINCLUDED%29%29%29%2C%28type%3ASENIORITY_LEVEL%2Cvalues%3AList%28%28id%3A310%2CselectionType%3AINCLUDED%29%2C%28id%3A300%2CselectionType%3AINCLUDED%29%2C%28id%3A220%2CselectionType%3AINCLUDED%29%2C%28id%3A320%2CselectionType%3AINCLUDED%29%29%29%29%29,pending
Existing AWS,7,MakeMyTrip India Pvt Ltd,MakeMyTrip India,https://www.linkedin.com/sales/search/people?query=%28filters%3AList%28%28type%3ACURRENT_COMPANY%2Cvalues%3AList%28%28text%3AMakeMyTrip%20India%2CselectionType%3AINCLUDED%29%29%29%2C%28type%3ASENIORITY_LEVEL%2Cvalues%3AList%28%28id%3A310%2CselectionType%3AINCLUDED%29%2C%28id%3A300%2CselectionType%3AINCLUDED%29%2C%28id%3A220%2CselectionType%3AINCLUDED%29%2C%28id%3A320%2CselectionType%3AINCLUDED%29%29%29%2C%28type%3AFUNCTION%2Cvalues%3AList%28%28id%3A13%2CselectionType%3AINCLUDED%29%2C%28id%3A8%2CselectionType%3AINCLUDED%29%29%29%29%29,https://www.linkedin.com/sales/search/people?query=%28filters%3AList%28%28type%3ACURRENT_COMPANY%2Cvalues%3AList%28%28text%3AMakeMyTrip%20India%2CselectionType%3AINCLUDED%29%29%29%2C%28type%3ASENIORITY_LEVEL%2Cvalues%3AList%28%28id%3A310%2CselectionType%3AINCLUDED%29%2C%28id%3A300%2CselectionType%3AINCLUDED%29%2C%28id%3A220%2CselectionType%3AINCLUDED%29%2C%28id%3A320%2CselectionType%3AINCLUDED%29%29%29%29%29,pending
Existing AWS,8,MARUTI SUZUKI (INDIA) LIMITED,MARUTI SUZUKI,https://www.linkedin.com/sales/search/people?query=%28filters%3AList%28%28type%3ACURRENT_COMPANY%2Cvalues%3AList%28%28text%3AMARUTI%20SUZUKI%2CselectionType%3AINCLUDED%29%29%29%2C%28type%3ASENIORITY_LEVEL%2Cvalues%3AList%28%28id%3A310%2CselectionType%3AINCLUDED%29%2C%28id%3A300%2CselectionType%3AINCLUDED%29%2C%28id%3A220%2CselectionType%3AINCLUDED%29%2C%28id%3A320%2CselectionType%3AINCLUDED%29%29%29%2C%28type%3AFUNCTION%2Cvalues%3AList%28%28id%3A13%2CselectionType%3AINCLUDED%29%2C%28id%3A8%2CselectionType%3AINCLUDED%29%29%29%29%29,https://www.linkedin.com/sales/search/people?query=%28filters%3AList%28%28type%3ACURRENT_COMPANY%2Cvalues%3AList%28%28text%3AMARUTI%20SUZUKI%2CselectionType%3AINCLUDED%29%29%29%2C%28type%3ASENIORITY_LEVEL%2Cvalues%3AList%28%28id%3A310%2CselectionType%3AINCLUDED%29%2C%28id%3A300%2CselectionType%3AINCLUDED%29%2C%28id%3A220%2CselectionType%3AINCLUDED%29%2C%28id%3A320%2CselectionType%3AINCLUDED%29%29%29%29%29,pending
Existing AWS,9,Nykaa E-Retail Limited,Nykaa E-Retail Limited,https://www.linkedin.com/sales/search/people?query=%28filters%3AList%28%28type%3ACURRENT_COMPANY%2Cvalues%3AList%28%28text%3ANykaa%20E-Retail%20Limited%2CselectionType%3AINCLUDED%29%29%29%2C%28type%3ASENIORITY_LEVEL%2Cvalues%3AList%28%28id%3A310%2CselectionType%3AINCLUDED%29%2C%28id%3A300%2CselectionType%3AINCLUDED%29%2C%28id%3A220%2CselectionType%3AINCLUDED%29%2C%28id%3A320%2CselectionType%3AINCLUDED%29%29%29%2C%28type%3AFUNCTION%2Cvalues%3AList%28%28id%3A13%2CselectionType%3AINCLUDED%29%2C%28id%3A8%2CselectionType%3AINCLUDED%29%29%29%29%29,https://www.linkedin.com/sales/search/people?query=%28filters%3AList%28%28type%3ACURRENT_COMPANY%2Cvalues%3AList%28%28text%3ANykaa%20E-Retail%20Limited%2CselectionType%3AINCLUDED%29%29%29%2C%28type%3ASENIORITY_LEVEL%2Cvalues%3AList%28%28id%3A310%2CselectionType%3AINCLUDED%29%2C%28id%3A300%2CselectionType%3AINCLUDED%29%2C%28id%3A220%2CselectionType%3AINCLUDED%29%2C%28id%3A320%2CselectionType%3AINCLUDED%29%29%29%29%29,pending
Existing AWS,10,Travel Boutique Online (TBO),Travel Boutique Online,https://www.linkedin.com/sales/search/people?query=%28filters%3AList%28%28type%3ACURRENT_COMPANY%2Cvalues%3AList%28%28text%3ATravel%20Boutique%20Online%2CselectionType%3AINCLUDED%29%29%29%2C%28type%3ASENIORITY_LEVEL%2Cvalues%3AList%28%28id%3A310%2CselectionType%3AINCLUDED%29%2C%28id%3A300%2CselectionType%3AINCLUDED%29%2C%28id%3A220%2CselectionType%3AINCLUDED%29%2C%28id%3A320%2CselectionType%3AINCLUDED%29%29%29%2C%28type%3AFUNCTION%2Cvalues%3AList%28%28id%3A13%2CselectionType%3AINCLUDED%29%2C%28id%3A8%2CselectionType%3AINCLUDED%29%29%29%29%29,https://www.linkedin.com/sales/search/people?query=%28filters%3AList%28%28type%3ACURRENT_COMPANY%2Cvalues%3AList%28%28text%3ATravel%20Boutique%20Online%2CselectionType%3AINCLUDED%29%29%29%2C%28type%3ASENIORITY_LEVEL%2Cvalues%3AList%28%28id%3A310%2CselectionType%3AINCLUDED%29%2C%28id%3A300%2CselectionType%3AINCLUDED%29%2C%28id%3A220%2CselectionType%3AINCLUDED%29%2C%28id%3A320%2CselectionType%3AINCLUDED%29%29%29%29%29,pending
Existing AWS,11,FirstCry,FirstCry,https://www.linkedin.com/sales/search/people?query=%28filters%3AList%28%28type%3ACURRENT_COMPANY%2Cvalues%3AList%28%28text%3AFirstCry%2CselectionType%3AINCLUDED%29%29%29%2C%28type%3ASENIORITY_LEVEL%2Cvalues%3AList%28%28id%3A310%2CselectionType%3AINCLUDED%29%2C%28id%3A300%2CselectionType%3AINCLUDED%29%2C%28id%3A220%2CselectionType%3AINCLUDED%29%2C%28id%3A320%2CselectionType%3AINCLUDED%29%29%29%2C%28type%3AFUNCTION%2Cvalues%3AList%28%28id%3A13%2CselectionType%3AINCLUDED%29%2C%28id%3A8%2CselectionType%3AINCLUDED%29%29%29%29%29,https://www.linkedin.com/sales/search/people?query=%28filters%3AList%28%28type%3ACURRENT_COMPANY%2Cvalues%3AList%28%28text%3AFirstCry%2CselectionType%3AINCLUDED%29%29%29%2C%28type%3ASENIORITY_LEVEL%2Cvalues%3AList%28%28id%3A310%2CselectionType%3AINCLUDED%29%2C%28id%3A300%2CselectionType%3AINCLUDED%29%2C%28id%3A220%2CselectionType%3AINCLUDED%29%2C%28id%3A320%2CselectionType%3AINCLUDED%29%29%29%29%29,pending
Existing AWS,12,Axtria Inc,Axtria Inc,https://www.linkedin.com/sales/search/people?query=%28filters%3AList%28%28type%3ACURRENT_COMPANY%2Cvalues%3AList%28%28text%3AAxtria%20Inc%2CselectionType%3AINCLUDED%29%29%29%2C%28type%3ASENIORITY_LEVEL%2Cvalues%3AList%28%28id%3A310%2CselectionType%3AINCLUDED%29%2C%28id%3A300%2CselectionType%3AINCLUDED%29%2C%28id%3A220%2CselectionType%3AINCLUDED%29%2C%28id%3A320%2CselectionType%3AINCLUDED%29%29%29%2C%28type%3AFUNCTION%2Cvalues%3AList%28%28id%3A13%2CselectionType%3AINCLUDED%29%2C%28id%3A8%2CselectionType%3AINCLUDED%29%29%29%29%29,https://www.linkedin.com/sales/search/people?query=%28filters%3AList%28%28type%3ACURRENT_COMPANY%2Cvalues%3AList%28%28text%3AAxtria%20Inc%2CselectionType%3AINCLUDED%29%29%29%2C%28type%3ASENIORITY_LEVEL%2Cvalues%3AList%28%28id%3A310%2CselectionType%3AINCLUDED%29%2C%28id%3A300%2CselectionType%3AINCLUDED%29%2C%28id%3A220%2CselectionType%3AINCLUDED%29%2C%28id%3A320%2CselectionType%3AINCLUDED%29%29%29%29%29,pending
Existing AWS,13,Jubilant Foodworks LTD,Jubilant Foodworks LTD,https://www.linkedin.com/sales/search/people?query=%28filters%3AList%28%28type%3ACURRENT_COMPANY%2Cvalues%3AList%28%28text%3AJubilant%20Foodworks%20LTD%2CselectionType%3AINCLUDED%29%29%29%2C%28type%3ASENIORITY_LEVEL%2Cvalues%3AList%28%28id%3A310%2CselectionType%3AINCLUDED%29%2C%28id%3A300%2CselectionType%3AINCLUDED%29%2C%28id%3A220%2CselectionType%3AINCLUDED%29%2C%28id%3A320%2CselectionType%3AINCLUDED%29%29%29%2C%28type%3AFUNCTION%2Cvalues%3AList%28%28id%3A13%2CselectionType%3AINCLUDED%29%2C%28id%3A8%2CselectionType%3AINCLUDED%29%29%29%29%29,https://www.linkedin.com/sales/search/people?query=%28filters%3AList%28%28type%3ACURRENT_COMPANY%2Cvalues%3AList%28%28text%3AJubilant%20Foodworks%20LTD%2CselectionType%3AINCLUDED%29%29%29%2C%28type%3ASENIORITY_LEVEL%2Cvalues%3AList%28%28id%3A310%2CselectionType%3AINCLUDED%29%2C%28id%3A300%2CselectionType%3AINCLUDED%29%2C%28id%3A220%2CselectionType%3AINCLUDED%29%2C%28id%3A320%2CselectionType%3AINCLUDED%29%29%29%29%29,pending
Existing AWS,14,Pilani Soft Labs Pvt. Ltd. (Redbus.in),Pilani Soft Labs,https://www.linkedin.com/sales/search/people?query=%28filters%3AList%28%28type%3ACURRENT_COMPANY%2Cvalues%3AList%28%28text%3APilani%20Soft%20Labs%2CselectionType%3AINCLUDED%29%29%29%2C%28type%3ASENIORITY_LEVEL%2Cvalues%3AList%28%28id%3A310%2CselectionType%3AINCLUDED%29%2C%28id%3A300%2CselectionType%3AINCLUDED%29%2C%28id%3A220%2CselectionType%3AINCLUDED%29%2C%28id%3A320%2CselectionType%3AINCLUDED%29%29%29%2C%28type%3AFUNCTION%2Cvalues%3AList%28%28id%3A13%2CselectionType%3AINCLUDED%29%2C%28id%3A8%2CselectionType%3AINCLUDED%29%29%29%29%29,https://www.linkedin.com/sales/search/people?query=%28filters%3AList%28%28type%3ACURRENT_COMPANY%2Cvalues%3AList%28%28text%3APilani%20Soft%20Labs%2CselectionType%3AINCLUDED%29%29%29%2C%28type%3ASENIORITY_LEVEL%2Cvalues%3AList%28%28id%3A310%2CselectionType%3AINCLUDED%29%2C%28id%3A300%2CselectionType%3AINCLUDED%29%2C%28id%3A220%2CselectionType%3AINCLUDED%29%2C%28id%3A320%2CselectionType%3AINCLUDED%29%29%29%29%29,pending
Existing AWS,15,Shiprocket (BigFoot Retail Solutions Pvt.),Shiprocket,https://www.linkedin.com/sales/search/people?query=%28filters%3AList%28%28type%3ACURRENT_COMPANY%2Cvalues%3AList%28%28text%3AShiprocket%2CselectionType%3AINCLUDED%29%29%29%2C%28type%3ASENIORITY_LEVEL%2Cvalues%3AList%28%28id%3A310%2CselectionType%3AINCLUDED%29%2C%28id%3A300%2CselectionType%3AINCLUDED%29%2C%28id%3A220%2CselectionType%3AINCLUDED%29%2C%28id%3A320%2CselectionType%3AINCLUDED%29%29%29%2C%28type%3AFUNCTION%2Cvalues%3AList%28%28id%3A13%2CselectionType%3AINCLUDED%29%2C%28id%3A8%2CselectionType%3AINCLUDED%29%29%29%29%29,https://www.linkedin.com/sales/search/people?query=%28filters%3AList%28%28type%3ACURRENT_COMPANY%2Cvalues%3AList%28%28text%3AShiprocket%2CselectionType%3AINCLUDED%29%29%29%2C%28type%3ASENIORITY_LEVEL%2Cvalues%3AList%28%28id%3A310%2CselectionType%3AINCLUDED%29%2C%28id%3A300%2CselectionType%3AINCLUDED%29%2C%28id%3A220%2CselectionType%3AINCLUDED%29%2C%28id%3A320%2CselectionType%3AINCLUDED%29%29%29%29%29,pending
Existing AWS,16,UrbanClap Technologies India Pvt Ltd,UrbanClap Technologies India,https://www.linkedin.com/sales/search/people?query=%28filters%3AList%28%28type%3ACURRENT_COMPANY%2Cvalues%3AList%28%28text%3AUrbanClap%20Technologies%20India%2CselectionType%3AINCLUDED%29%29%29%2C%28type%3ASENIORITY_LEVEL%2Cvalues%3AList%28%28id%3A310%2CselectionType%3AINCLUDED%29%2C%28id%3A300%2CselectionType%3AINCLUDED%29%2C%28id%3A220%2CselectionType%3AINCLUDED%29%2C%28id%3A320%2CselectionType%3AINCLUDED%29%29%29%2C%28type%3AFUNCTION%2Cvalues%3AList%28%28id%3A13%2CselectionType%3AINCLUDED%29%2C%28id%3A8%2CselectionType%3AINCLUDED%29%29%29%29%29,https://www.linkedin.com/sales/search/people?query=%28filters%3AList%28%28type%3ACURRENT_COMPANY%2Cvalues%3AList%28%28text%3AUrbanClap%20Technologies%20India%2CselectionType%3AINCLUDED%29%29%29%2C%28type%3ASENIORITY_LEVEL%2Cvalues%3AList%28%28id%3A310%2CselectionType%3AINCLUDED%29%2C%28id%3A300%2CselectionType%3AINCLUDED%29%2C%28id%3A220%2CselectionType%3AINCLUDED%29%2C%28id%3A320%2CselectionType%3AINCLUDED%29%29%29%29%29,pending
Existing AWS,17,Lenskart,Lenskart,https://www.linkedin.com/sales/search/people?query=%28filters%3AList%28%28type%3ACURRENT_COMPANY%2Cvalues%3AList%28%28text%3ALenskart%2CselectionType%3AINCLUDED%29%29%29%2C%28type%3ASENIORITY_LEVEL%2Cvalues%3AList%28%28id%3A310%2CselectionType%3AINCLUDED%29%2C%28id%3A300%2CselectionType%3AINCLUDED%29%2C%28id%3A220%2CselectionType%3AINCLUDED%29%2C%28id%3A320%2CselectionType%3AINCLUDED%29%29%29%2C%28type%3AFUNCTION%2Cvalues%3AList%28%28id%3A13%2CselectionType%3AINCLUDED%29%2C%28id%3A8%2CselectionType%3AINCLUDED%29%29%29%29%29,https://www.linkedin.com/sales/search/people?query=%28filters%3AList%28%28type%3ACURRENT_COMPANY%2Cvalues%3AList%28%28text%3ALenskart%2CselectionType%3AINCLUDED%29%29%29%2C%28type%3ASENIORITY_LEVEL%2Cvalues%3AList%28%28id%3A310%2CselectionType%3AINCLUDED%29%2C%28id%3A300%2CselectionType%3AINCLUDED%29%2C%28id%3A220%2CselectionType%3AINCLUDED%29%2C%28id%3A320%2CselectionType%3AINCLUDED%29%29%29%29%29,pending
Existing AWS,18,Cars24.com,Cars24.com,https://www.linkedin.com/sales/search/people?query=%28filters%3AList%28%28type%3ACURRENT_COMPANY%2Cvalues%3AList%28%28text%3ACars24.com%2CselectionType%3AINCLUDED%29%29%29%2C%28type%3ASENIORITY_LEVEL%2Cvalues%3AList%28%28id%3A310%2CselectionType%3AINCLUDED%29%2C%28id%3A300%2CselectionType%3AINCLUDED%29%2C%28id%3A220%2CselectionType%3AINCLUDED%29%2C%28id%3A320%2CselectionType%3AINCLUDED%29%29%29%2C%28type%3AFUNCTION%2Cvalues%3AList%28%28id%3A13%2CselectionType%3AINCLUDED%29%2C%28id%3A8%2CselectionType%3AINCLUDED%29%29%29%29%29,https://www.linkedin.com/sales/search/people?query=%28filters%3AList%28%28type%3ACURRENT_COMPANY%2Cvalues%3AList%28%28text%3ACars24.com%2CselectionType%3AINCLUDED%29%29%29%2C%28type%3ASENIORITY_LEVEL%2Cvalues%3AList%28%28id%3A310%2CselectionType%3AINCLUDED%29%2C%28id%3A300%2CselectionType%3AINCLUDED%29%2C%28id%3A220%2CselectionType%3AINCLUDED%29%2C%28id%3A320%2CselectionType%3AINCLUDED%29%29%29%29%29,pending
Existing AWS,19,CarTrade Tech Group CarWale CarTrade SAMIL OLX India,CarTrade Tech Group CarWale CarTrade SAMIL OLX India,https://www.linkedin.com/sales/search/people?query=%28filters%3AList%28%28type%3ACURRENT_COMPANY%2Cvalues%3AList%28%28text%3ACarTrade%20Tech%20Group%20CarWale%20CarTrade%20SAMIL%20OLX%20India%2CselectionType%3AINCLUDED%29%29%29%2C%28type%3ASENIORITY_LEVEL%2Cvalues%3AList%28%28id%3A310%2CselectionType%3AINCLUDED%29%2C%28id%3A300%2CselectionType%3AINCLUDED%29%2C%28id%3A220%2CselectionType%3AINCLUDED%29%2C%28id%3A320%2CselectionType%3AINCLUDED%29%29%29%2C%28type%3AFUNCTION%2Cvalues%3AList%28%28id%3A13%2CselectionType%3AINCLUDED%29%2C%28id%3A8%2CselectionType%3AINCLUDED%29%29%29%29%29,https://www.linkedin.com/sales/search/people?query=%28filters%3AList%28%28type%3ACURRENT_COMPANY%2Cvalues%3AList%28%28text%3ACarTrade%20Tech%20Group%20CarWale%20CarTrade%20SAMIL%20OLX%20India%2CselectionType%3AINCLUDED%29%29%29%2C%28type%3ASENIORITY_LEVEL%2Cvalues%3AList%28%28id%3A310%2CselectionType%3AINCLUDED%29%2C%28id%3A300%2CselectionType%3AINCLUDED%29%2C%28id%3A220%2CselectionType%3AINCLUDED%29%2C%28id%3A320%2CselectionType%3AINCLUDED%29%29%29%29%29,pending
Existing AWS,20,Motherson Technology Services Limited,Motherson Technology Services Limited,https://www.linkedin.com/sales/search/people?query=%28filters%3AList%28%28type%3ACURRENT_COMPANY%2Cvalues%3AList%28%28text%3AMotherson%20Technology%20Services%20Limited%2CselectionType%3AINCLUDED%29%29%29%2C%28type%3ASENIORITY_LEVEL%2Cvalues%3AList%28%28id%3A310%2CselectionType%3AINCLUDED%29%2C%28id%3A300%2CselectionType%3AINCLUDED%29%2C%28id%3A220%2CselectionType%3AINCLUDED%29%2C%28id%3A320%2CselectionType%3AINCLUDED%29%29%29%2C%28type%3AFUNCTION%2Cvalues%3AList%28%28id%3A13%2CselectionType%3AINCLUDED%29%2C%28id%3A8%2CselectionType%3AINCLUDED%29%29%29%29%29,https://www.linkedin.com/sales/search/people?query=%28filters%3AList%28%28type%3ACURRENT_COMPANY%2Cvalues%3AList%28%28text%3AMotherson%20Technology%20Services%20Limited%2CselectionType%3AINCLUDED%29%29%29%2C%28type%3ASENIORITY_LEVEL%2Cvalues%3AList%28%28id%3A310%2CselectionType%3AINCLUDED%29%2C%28id%3A300%2CselectionType%3AINCLUDED%29%2C%28id%3A220%2CselectionType%3AINCLUDED%29%2C%28id%3A320%2CselectionType%3AINCLUDED%29%29%29%29%29,pending
Existing AWS,21,Hero MotoCorp,Hero MotoCorp,https://www.linkedin.com/sales/search/people?query=%28filters%3AList%28%28type%3ACURRENT_COMPANY%2Cvalues%3AList%28%28text%3AHero%20MotoCorp%2CselectionType%3AINCLUDED%29%29%29%2C%28type%3ASENIORITY_LEVEL%2Cvalues%3AList%28%28id%3A310%2CselectionType%3AINCLUDED%29%2C%28id%3A300%2CselectionType%3AINCLUDED%29%2C%28id%3A220%2CselectionType%3AINCLUDED%29%2C%28id%3A320%2CselectionType%3AINCLUDED%29%29%29%2C%28type%3AFUNCTION%2Cvalues%3AList%28%28id%3A13%2CselectionType%3AINCLUDED%29%2C%28id%3A8%2CselectionType%3AINCLUDED%29%29%29%29%29,https://www.linkedin.com/sales/search/people?query=%28filters%3AList%28%28type%3ACURRENT_COMPANY%2Cvalues%3AList%28%28text%3AHero%20MotoCorp%2CselectionType%3AINCLUDED%29%29%29%2C%28type%3ASENIORITY_LEVEL%2Cvalues%3AList%28%28id%3A310%2CselectionType%3AINCLUDED%29%2C%28id%3A300%2CselectionType%3AINCLUDED%29%2C%28id%3A220%2CselectionType%3AINCLUDED%29%2C%28id%3A320%2CselectionType%3AINCLUDED%29%29%29%29%29,pending
Existing AWS,22,Dr Reddy's Laboratories Ltd,Dr Reddy's Laboratories Ltd,https://www.linkedin.com/sales/search/people?query=%28filters%3AList%28%28type%3ACURRENT_COMPANY%2Cvalues%3AList%28%28text%3ADr%20Reddy%27s%20Laboratories%20Ltd%2CselectionType%3AINCLUDED%29%29%29%2C%28type%3ASENIORITY_LEVEL%2Cvalues%3AList%28%28id%3A310%2CselectionType%3AINCLUDED%29%2C%28id%3A300%2CselectionType%3AINCLUDED%29%2C%28id%3A220%2CselectionType%3AINCLUDED%29%2C%28id%3A320%2CselectionType%3AINCLUDED%29%29%29%2C%28type%3AFUNCTION%2Cvalues%3AList%28%28id%3A13%2CselectionType%3AINCLUDED%29%2C%28id%3A8%2CselectionType%3AINCLUDED%29%29%29%29%29,https://www.linkedin.com/sales/search/people?query=%28filters%3AList%28%28type%3ACURRENT_COMPANY%2Cvalues%3AList%28%28text%3ADr%20Reddy%27s%20Laboratories%20Ltd%2CselectionType%3AINCLUDED%29%29%29%2C%28type%3ASENIORITY_LEVEL%2Cvalues%3AList%28%28id%3A310%2CselectionType%3AINCLUDED%29%2C%28id%3A300%2CselectionType%3AINCLUDED%29%2C%28id%3A220%2CselectionType%3AINCLUDED%29%2C%28id%3A320%2CselectionType%3AINCLUDED%29%29%29%29%29,pending
Existing AWS,23,Apollo Tyres,Apollo Tyres,https://www.linkedin.com/sales/search/people?query=%28filters%3AList%28%28type%3ACURRENT_COMPANY%2Cvalues%3AList%28%28text%3AApollo%20Tyres%2CselectionType%3AINCLUDED%29%29%29%2C%28type%3ASENIORITY_LEVEL%2Cvalues%3AList%28%28id%3A310%2CselectionType%3AINCLUDED%29%2C%28id%3A300%2CselectionType%3AINCLUDED%29%2C%28id%3A220%2CselectionType%3AINCLUDED%29%2C%28id%3A320%2CselectionType%3AINCLUDED%29%29%29%2C%28type%3AFUNCTION%2Cvalues%3AList%28%28id%3A13%2CselectionType%3AINCLUDED%29%2C%28id%3A8%2CselectionType%3AINCLUDED%29%29%29%29%29,https://www.linkedin.com/sales/search/people?query=%28filters%3AList%28%28type%3ACURRENT_COMPANY%2Cvalues%3AList%28%28text%3AApollo%20Tyres%2CselectionType%3AINCLUDED%29%29%29%2C%28type%3ASENIORITY_LEVEL%2Cvalues%3AList%28%28id%3A310%2CselectionType%3AINCLUDED%29%2C%28id%3A300%2CselectionType%3AINCLUDED%29%2C%28id%3A220%2CselectionType%3AINCLUDED%29%2C%28id%3A320%2CselectionType%3AINCLUDED%29%29%29%29%29,pending
Existing AWS,24,iXiGO.com,iXiGO.com,https://www.linkedin.com/sales/search/people?query=%28filters%3AList%28%28type%3ACURRENT_COMPANY%2Cvalues%3AList%28%28text%3AiXiGO.com%2CselectionType%3AINCLUDED%29%29%29%2C%28type%3ASENIORITY_LEVEL%2Cvalues%3AList%28%28id%3A310%2CselectionType%3AINCLUDED%29%2C%28id%3A300%2CselectionType%3AINCLUDED%29%2C%28id%3A220%2CselectionType%3AINCLUDED%29%2C%28id%3A320%2CselectionType%3AINCLUDED%29%29%29%2C%28type%3AFUNCTION%2Cvalues%3AList%28%28id%3A13%2CselectionType%3AINCLUDED%29%2C%28id%3A8%2CselectionType%3AINCLUDED%29%29%29%29%29,https://www.linkedin.com/sales/search/people?query=%28filters%3AList%28%28type%3ACURRENT_COMPANY%2Cvalues%3AList%28%28text%3AiXiGO.com%2CselectionType%3AINCLUDED%29%29%29%2C%28type%3ASENIORITY_LEVEL%2Cvalues%3AList%28%28id%3A310%2CselectionType%3AINCLUDED%29%2C%28id%3A300%2CselectionType%3AINCLUDED%29%2C%28id%3A220%2CselectionType%3AINCLUDED%29%2C%28id%3A320%2CselectionType%3AINCLUDED%29%29%29%29%29,pending
Existing AWS,25,Brandix Apparels Lanka Ltd,Brandix Apparels Lanka Ltd,https://www.linkedin.com/sales/search/people?query=%28filters%3AList%28%28type%3ACURRENT_COMPANY%2Cvalues%3AList%28%28text%3ABrandix%20Apparels%20Lanka%20Ltd%2CselectionType%3AINCLUDED%29%29%29%2C%28type%3ASENIORITY_LEVEL%2Cvalues%3AList%28%28id%3A310%2CselectionType%3AINCLUDED%29%2C%28id%3A300%2CselectionType%3AINCLUDED%29%2C%28id%3A220%2CselectionType%3AINCLUDED%29%2C%28id%3A320%2CselectionType%3AINCLUDED%29%29%29%2C%28type%3AFUNCTION%2Cvalues%3AList%28%28id%3A13%2CselectionType%3AINCLUDED%29%2C%28id%3A8%2CselectionType%3AINCLUDED%29%29%29%29%29,https://www.linkedin.com/sales/search/people?query=%28filters%3AList%28%28type%3ACURRENT_COMPANY%2Cvalues%3AList%28%28text%3ABrandix%20Apparels%20Lanka%20Ltd%2CselectionType%3AINCLUDED%29%29%29%2C%28type%3ASENIORITY_LEVEL%2Cvalues%3AList%28%28id%3A310%2CselectionType%3AINCLUDED%29%2C%28id%3A300%2CselectionType%3AINCLUDED%29%2C%28id%3A220%2CselectionType%3AINCLUDED%29%2C%28id%3A320%2CselectionType%3AINCLUDED%29%29%29%29%29,pending
Existing AWS,26,Sampurna E-Solutions Private Ltd - PharmEasy,Sampurna E-Solutions Private Ltd - PharmEasy,https://www.linkedin.com/sales/search/people?query=%28filters%3AList%28%28type%3ACURRENT_COMPANY%2Cvalues%3AList%28%28text%3ASampurna%20E-Solutions%20Private%20Ltd%20-%20PharmEasy%2CselectionType%3AINCLUDED%29%29%29%2C%28type%3ASENIORITY_LEVEL%2Cvalues%3AList%28%28id%3A310%2CselectionType%3AINCLUDED%29%2C%28id%3A300%2CselectionType%3AINCLUDED%29%2C%28id%3A220%2CselectionType%3AINCLUDED%29%2C%28id%3A320%2CselectionType%3AINCLUDED%29%29%29%2C%28type%3AFUNCTION%2Cvalues%3AList%28%28id%3A13%2CselectionType%3AINCLUDED%29%2C%28id%3A8%2CselectionType%3AINCLUDED%29%29%29%29%29,https://www.linkedin.com/sales/search/people?query=%28filters%3AList%28%28type%3ACURRENT_COMPANY%2Cvalues%3AList%28%28text%3ASampurna%20E-Solutions%20Private%20Ltd%20-%20PharmEasy%2CselectionType%3AINCLUDED%29%29%29%2C%28type%3ASENIORITY_LEVEL%2Cvalues%3AList%28%28id%3A310%2CselectionType%3AINCLUDED%29%2C%28id%3A300%2CselectionType%3AINCLUDED%29%2C%28id%3A220%2CselectionType%3AINCLUDED%29%2C%28id%3A320%2CselectionType%3AINCLUDED%29%29%29%29%29,pending
Existing AWS,27,Snapdeal,Snapdeal,https://www.linkedin.com/sales/search/people?query=%28filters%3AList%28%28type%3ACURRENT_COMPANY%2Cvalues%3AList%28%28text%3ASnapdeal%2CselectionType%3AINCLUDED%29%29%29%2C%28type%3ASENIORITY_LEVEL%2Cvalues%3AList%28%28id%3A310%2CselectionType%3AINCLUDED%29%2C%28id%3A300%2CselectionType%3AINCLUDED%29%2C%28id%3A220%2CselectionType%3AINCLUDED%29%2C%28id%3A320%2CselectionType%3AINCLUDED%29%29%29%2C%28type%3AFUNCTION%2Cvalues%3AList%28%28id%3A13%2CselectionType%3AINCLUDED%29%2C%28id%3A8%2CselectionType%3AINCLUDED%29%29%29%29%29,https://www.linkedin.com/sales/search/people?query=%28filters%3AList%28%28type%3ACURRENT_COMPANY%2Cvalues%3AList%28%28text%3ASnapdeal%2CselectionType%3AINCLUDED%29%29%29%2C%28type%3ASENIORITY_LEVEL%2Cvalues%3AList%28%28id%3A310%2CselectionType%3AINCLUDED%29%2C%28id%3A300%2CselectionType%3AINCLUDED%29%2C%28id%3A220%2CselectionType%3AINCLUDED%29%2C%28id%3A320%2CselectionType%3AINCLUDED%29%29%29%29%29,pending
Existing AWS,28,LRN Corporation,LRN Corporation,https://www.linkedin.com/sales/search/people?query=%28filters%3AList%28%28type%3ACURRENT_COMPANY%2Cvalues%3AList%28%28text%3ALRN%20Corporation%2CselectionType%3AINCLUDED%29%29%29%2C%28type%3ASENIORITY_LEVEL%2Cvalues%3AList%28%28id%3A310%2CselectionType%3AINCLUDED%29%2C%28id%3A300%2CselectionType%3AINCLUDED%29%2C%28id%3A220%2CselectionType%3AINCLUDED%29%2C%28id%3A320%2CselectionType%3AINCLUDED%29%29%29%2C%28type%3AFUNCTION%2Cvalues%3AList%28%28id%3A13%2CselectionType%3AINCLUDED%29%2C%28id%3A8%2CselectionType%3AINCLUDED%29%29%29%29%29,https://www.linkedin.com/sales/search/people?query=%28filters%3AList%28%28type%3ACURRENT_COMPANY%2Cvalues%3AList%28%28text%3ALRN%20Corporation%2CselectionType%3AINCLUDED%29%29%29%2C%28type%3ASENIORITY_LEVEL%2Cvalues%3AList%28%28id%3A310%2CselectionType%3AINCLUDED%29%2C%28id%3A300%2CselectionType%3AINCLUDED%29%2C%28id%3A220%2CselectionType%3AINCLUDED%29%2C%28id%3A320%2CselectionType%3AINCLUDED%29%29%29%29%29,pending
Existing AWS,29,Allcargo Logistics Ltd.,Allcargo Logistics,https://www.linkedin.com/sales/search/people?query=%28filters%3AList%28%28type%3ACURRENT_COMPANY%2Cvalues%3AList%28%28text%3AAllcargo%20Logistics%2CselectionType%3AINCLUDED%29%29%29%2C%28type%3ASENIORITY_LEVEL%2Cvalues%3AList%28%28id%3A310%2CselectionType%3AINCLUDED%29%2C%28id%3A300%2CselectionType%3AINCLUDED%29%2C%28id%3A220%2CselectionType%3AINCLUDED%29%2C%28id%3A320%2CselectionType%3AINCLUDED%29%29%29%2C%28type%3AFUNCTION%2Cvalues%3AList%28%28id%3A13%2CselectionType%3AINCLUDED%29%2C%28id%3A8%2CselectionType%3AINCLUDED%29%29%29%29%29,https://www.linkedin.com/sales/search/people?query=%28filters%3AList%28%28type%3ACURRENT_COMPANY%2Cvalues%3AList%28%28text%3AAllcargo%20Logistics%2CselectionType%3AINCLUDED%29%29%29%2C%28type%3ASENIORITY_LEVEL%2Cvalues%3AList%28%28id%3A310%2CselectionType%3AINCLUDED%29%2C%28id%3A300%2CselectionType%3AINCLUDED%29%2C%28id%3A220%2CselectionType%3AINCLUDED%29%2C%28id%3A320%2CselectionType%3AINCLUDED%29%29%29%29%29,pending
Existing AWS,30,Travelopia Holdings Limited,Travelopia Holdings Limited,https://www.linkedin.com/sales/search/people?query=%28filters%3AList%28%28type%3ACURRENT_COMPANY%2Cvalues%3AList%28%28text%3ATravelopia%20Holdings%20Limited%2CselectionType%3AINCLUDED%29%29%29%2C%28type%3ASENIORITY_LEVEL%2Cvalues%3AList%28%28id%3A310%2CselectionType%3AINCLUDED%29%2C%28id%3A300%2CselectionType%3AINCLUDED%29%2C%28id%3A220%2CselectionType%3AINCLUDED%29%2C%28id%3A320%2CselectionType%3AINCLUDED%29%29%29%2C%28type%3AFUNCTION%2Cvalues%3AList%28%28id%3A13%2CselectionType%3AINCLUDED%29%2C%28id%3A8%2CselectionType%3AINCLUDED%29%29%29%29%29,https://www.linkedin.com/sales/search/people?query=%28filters%3AList%28%28type%3ACURRENT_COMPANY%2Cvalues%3AList%28%28text%3ATravelopia%20Holdings%20Limited%2CselectionType%3AINCLUDED%29%29%29%2C%28type%3ASENIORITY_LEVEL%2Cvalues%3AList%28%28id%3A310%2CselectionType%3AINCLUDED%29%2C%28id%3A300%2CselectionType%3AINCLUDED%29%2C%28id%3A220%2CselectionType%3AINCLUDED%29%2C%28id%3A320%2CselectionType%3AINCLUDED%29%29%29%29%29,pending
Existing AWS,31,Jubilant Life Sciences Limited,Jubilant Life Sciences Limited,https://www.linkedin.com/sales/search/people?query=%28filters%3AList%28%28type%3ACURRENT_COMPANY%2Cvalues%3AList%28%28text%3AJubilant%20Life%20Sciences%20Limited%2CselectionType%3AINCLUDED%29%29%29%2C%28type%3ASENIORITY_LEVEL%2Cvalues%3AList%28%28id%3A310%2CselectionType%3AINCLUDED%29%2C%28id%3A300%2CselectionType%3AINCLUDED%29%2C%28id%3A220%2CselectionType%3AINCLUDED%29%2C%28id%3A320%2CselectionType%3AINCLUDED%29%29%29%2C%28type%3AFUNCTION%2Cvalues%3AList%28%28id%3A13%2CselectionType%3AINCLUDED%29%2C%28id%3A8%2CselectionType%3AINCLUDED%29%29%29%29%29,https://www.linkedin.com/sales/search/people?query=%28filters%3AList%28%28type%3ACURRENT_COMPANY%2Cvalues%3AList%28%28text%3AJubilant%20Life%20Sciences%20Limited%2CselectionType%3AINCLUDED%29%29%29%2C%28type%3ASENIORITY_LEVEL%2Cvalues%3AList%28%28id%3A310%2CselectionType%3AINCLUDED%29%2C%28id%3A300%2CselectionType%3AINCLUDED%29%2C%28id%3A220%2CselectionType%3AINCLUDED%29%2C%28id%3A320%2CselectionType%3AINCLUDED%29%29%29%29%29,pending
Existing AWS,32,Tek Travels DMCC,Tek Travels DMCC,https://www.linkedin.com/sales/search/people?query=%28filters%3AList%28%28type%3ACURRENT_COMPANY%2Cvalues%3AList%28%28text%3ATek%20Travels%20DMCC%2CselectionType%3AINCLUDED%29%29%29%2C%28type%3ASENIORITY_LEVEL%2Cvalues%3AList%28%28id%3A310%2CselectionType%3AINCLUDED%29%2C%28id%3A300%2CselectionType%3AINCLUDED%29%2C%28id%3A220%2CselectionType%3AINCLUDED%29%2C%28id%3A320%2CselectionType%3AINCLUDED%29%29%29%2C%28type%3AFUNCTION%2Cvalues%3AList%28%28id%3A13%2CselectionType%3AINCLUDED%29%2C%28id%3A8%2CselectionType%3AINCLUDED%29%29%29%29%29,https://www.linkedin.com/sales/search/people?query=%28filters%3AList%28%28type%3ACURRENT_COMPANY%2Cvalues%3AList%28%28text%3ATek%20Travels%20DMCC%2CselectionType%3AINCLUDED%29%29%29%2C%28type%3ASENIORITY_LEVEL%2Cvalues%3AList%28%28id%3A310%2CselectionType%3AINCLUDED%29%2C%28id%3A300%2CselectionType%3AINCLUDED%29%2C%28id%3A220%2CselectionType%3AINCLUDED%29%2C%28id%3A320%2CselectionType%3AINCLUDED%29%29%29%29%29,pending
Existing AWS,33,Strides Pharma Science Limited,Strides Pharma Science Limited,https://www.linkedin.com/sales/search/people?query=%28filters%3AList%28%28type%3ACURRENT_COMPANY%2Cvalues%3AList%28%28text%3AStrides%20Pharma%20Science%20Limited%2CselectionType%3AINCLUDED%29%29%29%2C%28type%3ASENIORITY_LEVEL%2Cvalues%3AList%28%28id%3A310%2CselectionType%3AINCLUDED%29%2C%28id%3A300%2CselectionType%3AINCLUDED%29%2C%28id%3A220%2CselectionType%3AINCLUDED%29%2C%28id%3A320%2CselectionType%3AINCLUDED%29%29%29%2C%28type%3AFUNCTION%2Cvalues%3AList%28%28id%3A13%2CselectionType%3AINCLUDED%29%2C%28id%3A8%2CselectionType%3AINCLUDED%29%29%29%29%29,https://www.linkedin.com/sales/search/people?query=%28filters%3AList%28%28type%3ACURRENT_COMPANY%2Cvalues%3AList%28%28text%3AStrides%20Pharma%20Science%20Limited%2CselectionType%3AINCLUDED%29%29%29%2C%28type%3ASENIORITY_LEVEL%2Cvalues%3AList%28%28id%3A310%2CselectionType%3AINCLUDED%29%2C%28id%3A300%2CselectionType%3AINCLUDED%29%2C%28id%3A220%2CselectionType%3AINCLUDED%29%2C%28id%3A320%2CselectionType%3AINCLUDED%29%29%29%29%29,pending
Existing AWS,34,Practo Technologies Pvt Ltd,Practo Technologies,https://www.linkedin.com/sales/search/people?query=%28filters%3AList%28%28type%3ACURRENT_COMPANY%2Cvalues%3AList%28%28text%3APracto%20Technologies%2CselectionType%3AINCLUDED%29%29%29%2C%28type%3ASENIORITY_LEVEL%2Cvalues%3AList%28%28id%3A310%2CselectionType%3AINCLUDED%29%2C%28id%3A300%2CselectionType%3AINCLUDED%29%2C%28id%3A220%2CselectionType%3AINCLUDED%29%2C%28id%3A320%2CselectionType%3AINCLUDED%29%29%29%2C%28type%3AFUNCTION%2Cvalues%3AList%28%28id%3A13%2CselectionType%3AINCLUDED%29%2C%28id%3A8%2CselectionType%3AINCLUDED%29%29%29%29%29,https://www.linkedin.com/sales/search/people?query=%28filters%3AList%28%28type%3ACURRENT_COMPANY%2Cvalues%3AList%28%28text%3APracto%20Technologies%2CselectionType%3AINCLUDED%29%29%29%2C%28type%3ASENIORITY_LEVEL%2Cvalues%3AList%28%28id%3A310%2CselectionType%3AINCLUDED%29%2C%28id%3A300%2CselectionType%3AINCLUDED%29%2C%28id%3A220%2CselectionType%3AINCLUDED%29%2C%28id%3A320%2CselectionType%3AINCLUDED%29%29%29%29%29,pending
Existing AWS,35,DocsApp / Medibuddy,DocsApp Medibuddy,https://www.linkedin.com/sales/search/people?query=%28filters%3AList%28%28type%3ACURRENT_COMPANY%2Cvalues%3AList%28%28text%3ADocsApp%20Medibuddy%2CselectionType%3AINCLUDED%29%29%29%2C%28type%3ASENIORITY_LEVEL%2Cvalues%3AList%28%28id%3A310%2CselectionType%3AINCLUDED%29%2C%28id%3A300%2CselectionType%3AINCLUDED%29%2C%28id%3A220%2CselectionType%3AINCLUDED%29%2C%28id%3A320%2CselectionType%3AINCLUDED%29%29%29%2C%28type%3AFUNCTION%2Cvalues%3AList%28%28id%3A13%2CselectionType%3AINCLUDED%29%2C%28id%3A8%2CselectionType%3AINCLUDED%29%29%29%29%29,https://www.linkedin.com/sales/search/people?query=%28filters%3AList%28%28type%3ACURRENT_COMPANY%2Cvalues%3AList%28%28text%3ADocsApp%20Medibuddy%2CselectionType%3AINCLUDED%29%29%29%2C%28type%3ASENIORITY_LEVEL%2Cvalues%3AList%28%28id%3A310%2CselectionType%3AINCLUDED%29%2C%28id%3A300%2CselectionType%3AINCLUDED%29%2C%28id%3A220%2CselectionType%3AINCLUDED%29%2C%28id%3A320%2CselectionType%3AINCLUDED%29%29%29%29%29,pending
Existing AWS,36,DTDC Courier & Cargo Limited,DTDC Courier & Cargo Limited,https://www.linkedin.com/sales/search/people?query=%28filters%3AList%28%28type%3ACURRENT_COMPANY%2Cvalues%3AList%28%28text%3ADTDC%20Courier%20%26%20Cargo%20Limited%2CselectionType%3AINCLUDED%29%29%29%2C%28type%3ASENIORITY_LEVEL%2Cvalues%3AList%28%28id%3A310%2CselectionType%3AINCLUDED%29%2C%28id%3A300%2CselectionType%3AINCLUDED%29%2C%28id%3A220%2CselectionType%3AINCLUDED%29%2C%28id%3A320%2CselectionType%3AINCLUDED%29%29%29%2C%28type%3AFUNCTION%2Cvalues%3AList%28%28id%3A13%2CselectionType%3AINCLUDED%29%2C%28id%3A8%2CselectionType%3AINCLUDED%29%29%29%29%29,https://www.linkedin.com/sales/search/people?query=%28filters%3AList%28%28type%3ACURRENT_COMPANY%2Cvalues%3AList%28%28text%3ADTDC%20Courier%20%26%20Cargo%20Limited%2CselectionType%3AINCLUDED%29%29%29%2C%28type%3ASENIORITY_LEVEL%2Cvalues%3AList%28%28id%3A310%2CselectionType%3AINCLUDED%29%2C%28id%3A300%2CselectionType%3AINCLUDED%29%2C%28id%3A220%2CselectionType%3AINCLUDED%29%2C%28id%3A320%2CselectionType%3AINCLUDED%29%29%29%29%29,pending
Existing AWS,37,CP PLUS WORLD,CP PLUS WORLD,https://www.linkedin.com/sales/search/people?query=%28filters%3AList%28%28type%3ACURRENT_COMPANY%2Cvalues%3AList%28%28text%3ACP%20PLUS%20WORLD%2CselectionType%3AINCLUDED%29%29%29%2C%28type%3ASENIORITY_LEVEL%2Cvalues%3AList%28%28id%3A310%2CselectionType%3AINCLUDED%29%2C%28id%3A300%2CselectionType%3AINCLUDED%29%2C%28id%3A220%2CselectionType%3AINCLUDED%29%2C%28id%3A320%2CselectionType%3AINCLUDED%29%29%29%2C%28type%3AFUNCTION%2Cvalues%3AList%28%28id%3A13%2CselectionType%3AINCLUDED%29%2C%28id%3A8%2CselectionType%3AINCLUDED%29%29%29%29%29,https://www.linkedin.com/sales/search/people?query=%28filters%3AList%28%28type%3ACURRENT_COMPANY%2Cvalues%3AList%28%28text%3ACP%20PLUS%20WORLD%2CselectionType%3AINCLUDED%29%29%29%2C%28type%3ASENIORITY_LEVEL%2Cvalues%3AList%28%28id%3A310%2CselectionType%3AINCLUDED%29%2C%28id%3A300%2CselectionType%3AINCLUDED%29%2C%28id%3A220%2CselectionType%3AINCLUDED%29%2C%28id%3A320%2CselectionType%3AINCLUDED%29%29%29%29%29,pending
Existing AWS,38,TVS Motor Company Limited,TVS Motor Company Limited,https://www.linkedin.com/sales/search/people?query=%28filters%3AList%28%28type%3ACURRENT_COMPANY%2Cvalues%3AList%28%28text%3ATVS%20Motor%20Company%20Limited%2CselectionType%3AINCLUDED%29%29%29%2C%28type%3ASENIORITY_LEVEL%2Cvalues%3AList%28%28id%3A310%2CselectionType%3AINCLUDED%29%2C%28id%3A300%2CselectionType%3AINCLUDED%29%2C%28id%3A220%2CselectionType%3AINCLUDED%29%2C%28id%3A320%2CselectionType%3AINCLUDED%29%29%29%2C%28type%3AFUNCTION%2Cvalues%3AList%28%28id%3A13%2CselectionType%3AINCLUDED%29%2C%28id%3A8%2CselectionType%3AINCLUDED%29%29%29%29%29,https://www.linkedin.com/sales/search/people?query=%28filters%3AList%28%28type%3ACURRENT_COMPANY%2Cvalues%3AList%28%28text%3ATVS%20Motor%20Company%20Limited%2CselectionType%3AINCLUDED%29%29%29%2C%28type%3ASENIORITY_LEVEL%2Cvalues%3AList%28%28id%3A310%2CselectionType%3AINCLUDED%29%2C%28id%3A300%2CselectionType%3AINCLUDED%29%2C%28id%3A220%2CselectionType%3AINCLUDED%29%2C%28id%3A320%2CselectionType%3AINCLUDED%29%29%29%29%29,pending
Existing AWS,39,Export Trading Group,Export Trading Group,https://www.linkedin.com/sales/search/people?query=%28filters%3AList%28%28type%3ACURRENT_COMPANY%2Cvalues%3AList%28%28text%3AExport%20Trading%20Group%2CselectionType%3AINCLUDED%29%29%29%2C%28type%3ASENIORITY_LEVEL%2Cvalues%3AList%28%28id%3A310%2CselectionType%3AINCLUDED%29%2C%28id%3A300%2CselectionType%3AINCLUDED%29%2C%28id%3A220%2CselectionType%3AINCLUDED%29%2C%28id%3A320%2CselectionType%3AINCLUDED%29%29%29%2C%28type%3AFUNCTION%2Cvalues%3AList%28%28id%3A13%2CselectionType%3AINCLUDED%29%2C%28id%3A8%2CselectionType%3AINCLUDED%29%29%29%29%29,https://www.linkedin.com/sales/search/people?query=%28filters%3AList%28%28type%3ACURRENT_COMPANY%2Cvalues%3AList%28%28text%3AExport%20Trading%20Group%2CselectionType%3AINCLUDED%29%29%29%2C%28type%3ASENIORITY_LEVEL%2Cvalues%3AList%28%28id%3A310%2CselectionType%3AINCLUDED%29%2C%28id%3A300%2CselectionType%3AINCLUDED%29%2C%28id%3A220%2CselectionType%3AINCLUDED%29%2C%28id%3A320%2CselectionType%3AINCLUDED%29%29%29%29%29,pending
Existing AWS,40,Atain (Formerly IGT Solutions),Atain,https://www.linkedin.com/sales/search/people?query=%28filters%3AList%28%28type%3ACURRENT_COMPANY%2Cvalues%3AList%28%28text%3AAtain%2CselectionType%3AINCLUDED%29%29%29%2C%28type%3ASENIORITY_LEVEL%2Cvalues%3AList%28%28id%3A310%2CselectionType%3AINCLUDED%29%2C%28id%3A300%2CselectionType%3AINCLUDED%29%2C%28id%3A220%2CselectionType%3AINCLUDED%29%2C%28id%3A320%2CselectionType%3AINCLUDED%29%29%29%2C%28type%3AFUNCTION%2Cvalues%3AList%28%28id%3A13%2CselectionType%3AINCLUDED%29%2C%28id%3A8%2CselectionType%3AINCLUDED%29%29%29%29%29,https://www.linkedin.com/sales/search/people?query=%28filters%3AList%28%28type%3ACURRENT_COMPANY%2Cvalues%3AList%28%28text%3AAtain%2CselectionType%3AINCLUDED%29%29%29%2C%28type%3ASENIORITY_LEVEL%2Cvalues%3AList%28%28id%3A310%2CselectionType%3AINCLUDED%29%2C%28id%3A300%2CselectionType%3AINCLUDED%29%2C%28id%3A220%2CselectionType%3AINCLUDED%29%2C%28id%3A320%2CselectionType%3AINCLUDED%29%29%29%29%29,pending
Existing AWS,41,Vestige Marketing,Vestige Marketing,https://www.linkedin.com/sales/search/people?query=%28filters%3AList%28%28type%3ACURRENT_COMPANY%2Cvalues%3AList%28%28text%3AVestige%20Marketing%2CselectionType%3AINCLUDED%29%29%29%2C%28type%3ASENIORITY_LEVEL%2Cvalues%3AList%28%28id%3A310%2CselectionType%3AINCLUDED%29%2C%28id%3A300%2CselectionType%3AINCLUDED%29%2C%28id%3A220%2CselectionType%3AINCLUDED%29%2C%28id%3A320%2CselectionType%3AINCLUDED%29%29%29%2C%28type%3AFUNCTION%2Cvalues%3AList%28%28id%3A13%2CselectionType%3AINCLUDED%29%2C%28id%3A8%2CselectionType%3AINCLUDED%29%29%29%29%29,https://www.linkedin.com/sales/search/people?query=%28filters%3AList%28%28type%3ACURRENT_COMPANY%2Cvalues%3AList%28%28text%3AVestige%20Marketing%2CselectionType%3AINCLUDED%29%29%29%2C%28type%3ASENIORITY_LEVEL%2Cvalues%3AList%28%28id%3A310%2CselectionType%3AINCLUDED%29%2C%28id%3A300%2CselectionType%3AINCLUDED%29%2C%28id%3A220%2CselectionType%3AINCLUDED%29%2C%28id%3A320%2CselectionType%3AINCLUDED%29%29%29%29%29,pending
Existing AWS,42,Akasa Air,Akasa Air,https://www.linkedin.com/sales/search/people?query=%28filters%3AList%28%28type%3ACURRENT_COMPANY%2Cvalues%3AList%28%28text%3AAkasa%20Air%2CselectionType%3AINCLUDED%29%29%29%2C%28type%3ASENIORITY_LEVEL%2Cvalues%3AList%28%28id%3A310%2CselectionType%3AINCLUDED%29%2C%28id%3A300%2CselectionType%3AINCLUDED%29%2C%28id%3A220%2CselectionType%3AINCLUDED%29%2C%28id%3A320%2CselectionType%3AINCLUDED%29%29%29%2C%28type%3AFUNCTION%2Cvalues%3AList%28%28id%3A13%2CselectionType%3AINCLUDED%29%2C%28id%3A8%2CselectionType%3AINCLUDED%29%29%29%29%29,https://www.linkedin.com/sales/search/people?query=%28filters%3AList%28%28type%3ACURRENT_COMPANY%2Cvalues%3AList%28%28text%3AAkasa%20Air%2CselectionType%3AINCLUDED%29%29%29%2C%28type%3ASENIORITY_LEVEL%2Cvalues%3AList%28%28id%3A310%2CselectionType%3AINCLUDED%29%2C%28id%3A300%2CselectionType%3AINCLUDED%29%2C%28id%3A220%2CselectionType%3AINCLUDED%29%2C%28id%3A320%2CselectionType%3AINCLUDED%29%29%29%29%29,pending
Existing AWS,43,Metro Brands Ltd,Metro Brands Ltd,https://www.linkedin.com/sales/search/people?query=%28filters%3AList%28%28type%3ACURRENT_COMPANY%2Cvalues%3AList%28%28text%3AMetro%20Brands%20Ltd%2CselectionType%3AINCLUDED%29%29%29%2C%28type%3ASENIORITY_LEVEL%2Cvalues%3AList%28%28id%3A310%2CselectionType%3AINCLUDED%29%2C%28id%3A300%2CselectionType%3AINCLUDED%29%2C%28id%3A220%2CselectionType%3AINCLUDED%29%2C%28id%3A320%2CselectionType%3AINCLUDED%29%29%29%2C%28type%3AFUNCTION%2Cvalues%3AList%28%28id%3A13%2CselectionType%3AINCLUDED%29%2C%28id%3A8%2CselectionType%3AINCLUDED%29%29%29%29%29,https://www.linkedin.com/sales/search/people?query=%28filters%3AList%28%28type%3ACURRENT_COMPANY%2Cvalues%3AList%28%28text%3AMetro%20Brands%20Ltd%2CselectionType%3AINCLUDED%29%29%29%2C%28type%3ASENIORITY_LEVEL%2Cvalues%3AList%28%28id%3A310%2CselectionType%3AINCLUDED%29%2C%28id%3A300%2CselectionType%3AINCLUDED%29%2C%28id%3A220%2CselectionType%3AINCLUDED%29%2C%28id%3A320%2CselectionType%3AINCLUDED%29%29%29%29%29,pending
Existing AWS,44,Synergy Marine Group,Synergy Marine Group,https://www.linkedin.com/sales/search/people?query=%28filters%3AList%28%28type%3ACURRENT_COMPANY%2Cvalues%3AList%28%28text%3ASynergy%20Marine%20Group%2CselectionType%3AINCLUDED%29%29%29%2C%28type%3ASENIORITY_LEVEL%2Cvalues%3AList%28%28id%3A310%2CselectionType%3AINCLUDED%29%2C%28id%3A300%2CselectionType%3AINCLUDED%29%2C%28id%3A220%2CselectionType%3AINCLUDED%29%2C%28id%3A320%2CselectionType%3AINCLUDED%29%29%29%2C%28type%3AFUNCTION%2Cvalues%3AList%28%28id%3A13%2CselectionType%3AINCLUDED%29%2C%28id%3A8%2CselectionType%3AINCLUDED%29%29%29%29%29,https://www.linkedin.com/sales/search/people?query=%28filters%3AList%28%28type%3ACURRENT_COMPANY%2Cvalues%3AList%28%28text%3ASynergy%20Marine%20Group%2CselectionType%3AINCLUDED%29%29%29%2C%28type%3ASENIORITY_LEVEL%2Cvalues%3AList%28%28id%3A310%2CselectionType%3AINCLUDED%29%2C%28id%3A300%2CselectionType%3AINCLUDED%29%2C%28id%3A220%2CselectionType%3AINCLUDED%29%2C%28id%3A320%2CselectionType%3AINCLUDED%29%29%29%29%29,pending
Existing AWS,45,TripJack Pvt Ltd,TripJack,https://www.linkedin.com/sales/search/people?query=%28filters%3AList%28%28type%3ACURRENT_COMPANY%2Cvalues%3AList%28%28text%3ATripJack%2CselectionType%3AINCLUDED%29%29%29%2C%28type%3ASENIORITY_LEVEL%2Cvalues%3AList%28%28id%3A310%2CselectionType%3AINCLUDED%29%2C%28id%3A300%2CselectionType%3AINCLUDED%29%2C%28id%3A220%2CselectionType%3AINCLUDED%29%2C%28id%3A320%2CselectionType%3AINCLUDED%29%29%29%2C%28type%3AFUNCTION%2Cvalues%3AList%28%28id%3A13%2CselectionType%3AINCLUDED%29%2C%28id%3A8%2CselectionType%3AINCLUDED%29%29%29%29%29,https://www.linkedin.com/sales/search/people?query=%28filters%3AList%28%28type%3ACURRENT_COMPANY%2Cvalues%3AList%28%28text%3ATripJack%2CselectionType%3AINCLUDED%29%29%29%2C%28type%3ASENIORITY_LEVEL%2Cvalues%3AList%28%28id%3A310%2CselectionType%3AINCLUDED%29%2C%28id%3A300%2CselectionType%3AINCLUDED%29%2C%28id%3A220%2CselectionType%3AINCLUDED%29%2C%28id%3A320%2CselectionType%3AINCLUDED%29%29%29%29%29,pending
Existing AWS,46,Chalo.com (zophop),Chalo.com,https://www.linkedin.com/sales/search/people?query=%28filters%3AList%28%28type%3ACURRENT_COMPANY%2Cvalues%3AList%28%28text%3AChalo.com%2CselectionType%3AINCLUDED%29%29%29%2C%28type%3ASENIORITY_LEVEL%2Cvalues%3AList%28%28id%3A310%2CselectionType%3AINCLUDED%29%2C%28id%3A300%2CselectionType%3AINCLUDED%29%2C%28id%3A220%2CselectionType%3AINCLUDED%29%2C%28id%3A320%2CselectionType%3AINCLUDED%29%29%29%2C%28type%3AFUNCTION%2Cvalues%3AList%28%28id%3A13%2CselectionType%3AINCLUDED%29%2C%28id%3A8%2CselectionType%3AINCLUDED%29%29%29%29%29,https://www.linkedin.com/sales/search/people?query=%28filters%3AList%28%28type%3ACURRENT_COMPANY%2Cvalues%3AList%28%28text%3AChalo.com%2CselectionType%3AINCLUDED%29%29%29%2C%28type%3ASENIORITY_LEVEL%2Cvalues%3AList%28%28id%3A310%2CselectionType%3AINCLUDED%29%2C%28id%3A300%2CselectionType%3AINCLUDED%29%2C%28id%3A220%2CselectionType%3AINCLUDED%29%2C%28id%3A320%2CselectionType%3AINCLUDED%29%29%29%29%29,pending
Existing AWS,47,HeroFincorp,HeroFincorp,https://www.linkedin.com/sales/search/people?query=%28filters%3AList%28%28type%3ACURRENT_COMPANY%2Cvalues%3AList%28%28text%3AHeroFincorp%2CselectionType%3AINCLUDED%29%29%29%2C%28type%3ASENIORITY_LEVEL%2Cvalues%3AList%28%28id%3A310%2CselectionType%3AINCLUDED%29%2C%28id%3A300%2CselectionType%3AINCLUDED%29%2C%28id%3A220%2CselectionType%3AINCLUDED%29%2C%28id%3A320%2CselectionType%3AINCLUDED%29%29%29%2C%28type%3AFUNCTION%2Cvalues%3AList%28%28id%3A13%2CselectionType%3AINCLUDED%29%2C%28id%3A8%2CselectionType%3AINCLUDED%29%29%29%29%29,https://www.linkedin.com/sales/search/people?query=%28filters%3AList%28%28type%3ACURRENT_COMPANY%2Cvalues%3AList%28%28text%3AHeroFincorp%2CselectionType%3AINCLUDED%29%29%29%2C%28type%3ASENIORITY_LEVEL%2Cvalues%3AList%28%28id%3A310%2CselectionType%3AINCLUDED%29%2C%28id%3A300%2CselectionType%3AINCLUDED%29%2C%28id%3A220%2CselectionType%3AINCLUDED%29%2C%28id%3A320%2CselectionType%3AINCLUDED%29%29%29%29%29,pending
Existing AWS,48,Kirloskar Management Services Private Limited,Kirloskar Management Services,https://www.linkedin.com/sales/search/people?query=%28filters%3AList%28%28type%3ACURRENT_COMPANY%2Cvalues%3AList%28%28text%3AKirloskar%20Management%20Services%2CselectionType%3AINCLUDED%29%29%29%2C%28type%3ASENIORITY_LEVEL%2Cvalues%3AList%28%28id%3A310%2CselectionType%3AINCLUDED%29%2C%28id%3A300%2CselectionType%3AINCLUDED%29%2C%28id%3A220%2CselectionType%3AINCLUDED%29%2C%28id%3A320%2CselectionType%3AINCLUDED%29%29%29%2C%28type%3AFUNCTION%2Cvalues%3AList%28%28id%3A13%2CselectionType%3AINCLUDED%29%2C%28id%3A8%2CselectionType%3AINCLUDED%29%29%29%29%29,https://www.linkedin.com/sales/search/people?query=%28filters%3AList%28%28type%3ACURRENT_COMPANY%2Cvalues%3AList%28%28text%3AKirloskar%20Management%20Services%2CselectionType%3AINCLUDED%29%29%29%2C%28type%3ASENIORITY_LEVEL%2Cvalues%3AList%28%28id%3A310%2CselectionType%3AINCLUDED%29%2C%28id%3A300%2CselectionType%3AINCLUDED%29%2C%28id%3A220%2CselectionType%3AINCLUDED%29%2C%28id%3A320%2CselectionType%3AINCLUDED%29%29%29%29%29,pending
Existing AWS,49,Pet Pooja,Pet Pooja,https://www.linkedin.com/sales/search/people?query=%28filters%3AList%28%28type%3ACURRENT_COMPANY%2Cvalues%3AList%28%28text%3APet%20Pooja%2CselectionType%3AINCLUDED%29%29%29%2C%28type%3ASENIORITY_LEVEL%2Cvalues%3AList%28%28id%3A310%2CselectionType%3AINCLUDED%29%2C%28id%3A300%2CselectionType%3AINCLUDED%29%2C%28id%3A220%2CselectionType%3AINCLUDED%29%2C%28id%3A320%2CselectionType%3AINCLUDED%29%29%29%2C%28type%3AFUNCTION%2Cvalues%3AList%28%28id%3A13%2CselectionType%3AINCLUDED%29%2C%28id%3A8%2CselectionType%3AINCLUDED%29%29%29%29%29,https://www.linkedin.com/sales/search/people?query=%28filters%3AList%28%28type%3ACURRENT_COMPANY%2Cvalues%3AList%28%28text%3APet%20Pooja%2CselectionType%3AINCLUDED%29%29%29%2C%28type%3ASENIORITY_LEVEL%2Cvalues%3AList%28%28id%3A310%2CselectionType%3AINCLUDED%29%2C%28id%3A300%2CselectionType%3AINCLUDED%29%2C%28id%3A220%2CselectionType%3AINCLUDED%29%2C%28id%3A320%2CselectionType%3AINCLUDED%29%29%29%29%29,pending
Existing AWS,50,Bitla Software Pvt. Ltd,Bitla Software Pvt. Ltd,https://www.linkedin.com/sales/search/people?query=%28filters%3AList%28%28type%3ACURRENT_COMPANY%2Cvalues%3AList%28%28text%3ABitla%20Software%20Pvt.%20Ltd%2CselectionType%3AINCLUDED%29%29%29%2C%28type%3ASENIORITY_LEVEL%2Cvalues%3AList%28%28id%3A310%2CselectionType%3AINCLUDED%29%2C%28id%3A300%2CselectionType%3AINCLUDED%29%2C%28id%3A220%2CselectionType%3AINCLUDED%29%2C%28id%3A320%2CselectionType%3AINCLUDED%29%29%29%2C%28type%3AFUNCTION%2Cvalues%3AList%28%28id%3A13%2CselectionType%3AINCLUDED%29%2C%28id%3A8%2CselectionType%3AINCLUDED%29%29%29%29%29,https://www.linkedin.com/sales/search/people?query=%28filters%3AList%28%28type%3ACURRENT_COMPANY%2Cvalues%3AList%28%28text%3ABitla%20Software%20Pvt.%20Ltd%2CselectionType%3AINCLUDED%29%29%29%2C%28type%3ASENIORITY_LEVEL%2Cvalues%3AList%28%28id%3A310%2CselectionType%3AINCLUDED%29%2C%28id%3A300%2CselectionType%3AINCLUDED%29%2C%28id%3A220%2CselectionType%3AINCLUDED%29%2C%28id%3A320%2CselectionType%3AINCLUDED%29%29%29%29%29,pending
Existing AWS,51,NEUBERG DIAGNOSTICS PRIVATE LIMITED,NEUBERG DIAGNOSTICS,https://www.linkedin.com/sales/search/people?query=%28filters%3AList%28%28type%3ACURRENT_COMPANY%2Cvalues%3AList%28%28text%3ANEUBERG%20DIAGNOSTICS%2CselectionType%3AINCLUDED%29%29%29%2C%28type%3ASENIORITY_LEVEL%2Cvalues%3AList%28%28id%3A310%2CselectionType%3AINCLUDED%29%2C%28id%3A300%2CselectionType%3AINCLUDED%29%2C%28id%3A220%2CselectionType%3AINCLUDED%29%2C%28id%3A320%2CselectionType%3AINCLUDED%29%29%29%2C%28type%3AFUNCTION%2Cvalues%3AList%28%28id%3A13%2CselectionType%3AINCLUDED%29%2C%28id%3A8%2CselectionType%3AINCLUDED%29%29%29%29%29,https://www.linkedin.com/sales/search/people?query=%28filters%3AList%28%28type%3ACURRENT_COMPANY%2Cvalues%3AList%28%28text%3ANEUBERG%20DIAGNOSTICS%2CselectionType%3AINCLUDED%29%29%29%2C%28type%3ASENIORITY_LEVEL%2Cvalues%3AList%28%28id%3A310%2CselectionType%3AINCLUDED%29%2C%28id%3A300%2CselectionType%3AINCLUDED%29%2C%28id%3A220%2CselectionType%3AINCLUDED%29%2C%28id%3A320%2CselectionType%3AINCLUDED%29%29%29%29%29,pending
Existing AWS,52,Compass Group India,Compass Group India,https://www.linkedin.com/sales/search/people?query=%28filters%3AList%28%28type%3ACURRENT_COMPANY%2Cvalues%3AList%28%28text%3ACompass%20Group%20India%2CselectionType%3AINCLUDED%29%29%29%2C%28type%3ASENIORITY_LEVEL%2Cvalues%3AList%28%28id%3A310%2CselectionType%3AINCLUDED%29%2C%28id%3A300%2CselectionType%3AINCLUDED%29%2C%28id%3A220%2CselectionType%3AINCLUDED%29%2C%28id%3A320%2CselectionType%3AINCLUDED%29%29%29%2C%28type%3AFUNCTION%2Cvalues%3AList%28%28id%3A13%2CselectionType%3AINCLUDED%29%2C%28id%3A8%2CselectionType%3AINCLUDED%29%29%29%29%29,https://www.linkedin.com/sales/search/people?query=%28filters%3AList%28%28type%3ACURRENT_COMPANY%2Cvalues%3AList%28%28text%3ACompass%20Group%20India%2CselectionType%3AINCLUDED%29%29%29%2C%28type%3ASENIORITY_LEVEL%2Cvalues%3AList%28%28id%3A310%2CselectionType%3AINCLUDED%29%2C%28id%3A300%2CselectionType%3AINCLUDED%29%2C%28id%3A220%2CselectionType%3AINCLUDED%29%2C%28id%3A320%2CselectionType%3AINCLUDED%29%29%29%29%29,pending
Existing AWS,53,SUN PHARMACEUTICAL INDUSTRIES LIMITED,SUN PHARMACEUTICAL INDUSTRIES,https://www.linkedin.com/sales/search/people?query=%28filters%3AList%28%28type%3ACURRENT_COMPANY%2Cvalues%3AList%28%28text%3ASUN%20PHARMACEUTICAL%20INDUSTRIES%2CselectionType%3AINCLUDED%29%29%29%2C%28type%3ASENIORITY_LEVEL%2Cvalues%3AList%28%28id%3A310%2CselectionType%3AINCLUDED%29%2C%28id%3A300%2CselectionType%3AINCLUDED%29%2C%28id%3A220%2CselectionType%3AINCLUDED%29%2C%28id%3A320%2CselectionType%3AINCLUDED%29%29%29%2C%28type%3AFUNCTION%2Cvalues%3AList%28%28id%3A13%2CselectionType%3AINCLUDED%29%2C%28id%3A8%2CselectionType%3AINCLUDED%29%29%29%29%29,https://www.linkedin.com/sales/search/people?query=%28filters%3AList%28%28type%3ACURRENT_COMPANY%2Cvalues%3AList%28%28text%3ASUN%20PHARMACEUTICAL%20INDUSTRIES%2CselectionType%3AINCLUDED%29%29%29%2C%28type%3ASENIORITY_LEVEL%2Cvalues%3AList%28%28id%3A310%2CselectionType%3AINCLUDED%29%2C%28id%3A300%2CselectionType%3AINCLUDED%29%2C%28id%3A220%2CselectionType%3AINCLUDED%29%2C%28id%3A320%2CselectionType%3AINCLUDED%29%29%29%29%29,pending
Existing AWS,54,Unicommerce eSolutions,Unicommerce eSolutions,https://www.linkedin.com/sales/search/people?query=%28filters%3AList%28%28type%3ACURRENT_COMPANY%2Cvalues%3AList%28%28text%3AUnicommerce%20eSolutions%2CselectionType%3AINCLUDED%29%29%29%2C%28type%3ASENIORITY_LEVEL%2Cvalues%3AList%28%28id%3A310%2CselectionType%3AINCLUDED%29%2C%28id%3A300%2CselectionType%3AINCLUDED%29%2C%28id%3A220%2CselectionType%3AINCLUDED%29%2C%28id%3A320%2CselectionType%3AINCLUDED%29%29%29%2C%28type%3AFUNCTION%2Cvalues%3AList%28%28id%3A13%2CselectionType%3AINCLUDED%29%2C%28id%3A8%2CselectionType%3AINCLUDED%29%29%29%29%29,https://www.linkedin.com/sales/search/people?query=%28filters%3AList%28%28type%3ACURRENT_COMPANY%2Cvalues%3AList%28%28text%3AUnicommerce%20eSolutions%2CselectionType%3AINCLUDED%29%29%29%2C%28type%3ASENIORITY_LEVEL%2Cvalues%3AList%28%28id%3A310%2CselectionType%3AINCLUDED%29%2C%28id%3A300%2CselectionType%3AINCLUDED%29%2C%28id%3A220%2CselectionType%3AINCLUDED%29%2C%28id%3A320%2CselectionType%3AINCLUDED%29%29%29%29%29,pending
Existing AWS,55,Confirm Ticket Online Solutions Pvt Ltd,Confirm Ticket Online Solutions,https://www.linkedin.com/sales/search/people?query=%28filters%3AList%28%28type%3ACURRENT_COMPANY%2Cvalues%3AList%28%28text%3AConfirm%20Ticket%20Online%20Solutions%2CselectionType%3AINCLUDED%29%29%29%2C%28type%3ASENIORITY_LEVEL%2Cvalues%3AList%28%28id%3A310%2CselectionType%3AINCLUDED%29%2C%28id%3A300%2CselectionType%3AINCLUDED%29%2C%28id%3A220%2CselectionType%3AINCLUDED%29%2C%28id%3A320%2CselectionType%3AINCLUDED%29%29%29%2C%28type%3AFUNCTION%2Cvalues%3AList%28%28id%3A13%2CselectionType%3AINCLUDED%29%2C%28id%3A8%2CselectionType%3AINCLUDED%29%29%29%29%29,https://www.linkedin.com/sales/search/people?query=%28filters%3AList%28%28type%3ACURRENT_COMPANY%2Cvalues%3AList%28%28text%3AConfirm%20Ticket%20Online%20Solutions%2CselectionType%3AINCLUDED%29%29%29%2C%28type%3ASENIORITY_LEVEL%2Cvalues%3AList%28%28id%3A310%2CselectionType%3AINCLUDED%29%2C%28id%3A300%2CselectionType%3AINCLUDED%29%2C%28id%3A220%2CselectionType%3AINCLUDED%29%2C%28id%3A320%2CselectionType%3AINCLUDED%29%29%29%29%29,pending
Existing AWS,56,Limeroad,Limeroad,https://www.linkedin.com/sales/search/people?query=%28filters%3AList%28%28type%3ACURRENT_COMPANY%2Cvalues%3AList%28%28text%3ALimeroad%2CselectionType%3AINCLUDED%29%29%29%2C%28type%3ASENIORITY_LEVEL%2Cvalues%3AList%28%28id%3A310%2CselectionType%3AINCLUDED%29%2C%28id%3A300%2CselectionType%3AINCLUDED%29%2C%28id%3A220%2CselectionType%3AINCLUDED%29%2C%28id%3A320%2CselectionType%3AINCLUDED%29%29%29%2C%28type%3AFUNCTION%2Cvalues%3AList%28%28id%3A13%2CselectionType%3AINCLUDED%29%2C%28id%3A8%2CselectionType%3AINCLUDED%29%29%29%29%29,https://www.linkedin.com/sales/search/people?query=%28filters%3AList%28%28type%3ACURRENT_COMPANY%2Cvalues%3AList%28%28text%3ALimeroad%2CselectionType%3AINCLUDED%29%29%29%2C%28type%3ASENIORITY_LEVEL%2Cvalues%3AList%28%28id%3A310%2CselectionType%3AINCLUDED%29%2C%28id%3A300%2CselectionType%3AINCLUDED%29%2C%28id%3A220%2CselectionType%3AINCLUDED%29%2C%28id%3A320%2CselectionType%3AINCLUDED%29%29%29%29%29,pending
Existing AWS,57,Nevilton Softech Private Limited,Nevilton Softech,https://www.linkedin.com/sales/search/people?query=%28filters%3AList%28%28type%3ACURRENT_COMPANY%2Cvalues%3AList%28%28text%3ANevilton%20Softech%2CselectionType%3AINCLUDED%29%29%29%2C%28type%3ASENIORITY_LEVEL%2Cvalues%3AList%28%28id%3A310%2CselectionType%3AINCLUDED%29%2C%28id%3A300%2CselectionType%3AINCLUDED%29%2C%28id%3A220%2CselectionType%3AINCLUDED%29%2C%28id%3A320%2CselectionType%3AINCLUDED%29%29%29%2C%28type%3AFUNCTION%2Cvalues%3AList%28%28id%3A13%2CselectionType%3AINCLUDED%29%2C%28id%3A8%2CselectionType%3AINCLUDED%29%29%29%29%29,https://www.linkedin.com/sales/search/people?query=%28filters%3AList%28%28type%3ACURRENT_COMPANY%2Cvalues%3AList%28%28text%3ANevilton%20Softech%2CselectionType%3AINCLUDED%29%29%29%2C%28type%3ASENIORITY_LEVEL%2Cvalues%3AList%28%28id%3A310%2CselectionType%3AINCLUDED%29%2C%28id%3A300%2CselectionType%3AINCLUDED%29%2C%28id%3A220%2CselectionType%3AINCLUDED%29%2C%28id%3A320%2CselectionType%3AINCLUDED%29%29%29%29%29,pending
Existing AWS,58,Godrej & Boyce,Godrej & Boyce,https://www.linkedin.com/sales/search/people?query=%28filters%3AList%28%28type%3ACURRENT_COMPANY%2Cvalues%3AList%28%28text%3AGodrej%20%26%20Boyce%2CselectionType%3AINCLUDED%29%29%29%2C%28type%3ASENIORITY_LEVEL%2Cvalues%3AList%28%28id%3A310%2CselectionType%3AINCLUDED%29%2C%28id%3A300%2CselectionType%3AINCLUDED%29%2C%28id%3A220%2CselectionType%3AINCLUDED%29%2C%28id%3A320%2CselectionType%3AINCLUDED%29%29%29%2C%28type%3AFUNCTION%2Cvalues%3AList%28%28id%3A13%2CselectionType%3AINCLUDED%29%2C%28id%3A8%2CselectionType%3AINCLUDED%29%29%29%29%29,https://www.linkedin.com/sales/search/people?query=%28filters%3AList%28%28type%3ACURRENT_COMPANY%2Cvalues%3AList%28%28text%3AGodrej%20%26%20Boyce%2CselectionType%3AINCLUDED%29%29%29%2C%28type%3ASENIORITY_LEVEL%2Cvalues%3AList%28%28id%3A310%2CselectionType%3AINCLUDED%29%2C%28id%3A300%2CselectionType%3AINCLUDED%29%2C%28id%3A220%2CselectionType%3AINCLUDED%29%2C%28id%3A320%2CselectionType%3AINCLUDED%29%29%29%29%29,pending
Existing AWS,59,Alkem Laboratories Limited,Alkem Laboratories Limited,https://www.linkedin.com/sales/search/people?query=%28filters%3AList%28%28type%3ACURRENT_COMPANY%2Cvalues%3AList%28%28text%3AAlkem%20Laboratories%20Limited%2CselectionType%3AINCLUDED%29%29%29%2C%28type%3ASENIORITY_LEVEL%2Cvalues%3AList%28%28id%3A310%2CselectionType%3AINCLUDED%29%2C%28id%3A300%2CselectionType%3AINCLUDED%29%2C%28id%3A220%2CselectionType%3AINCLUDED%29%2C%28id%3A320%2CselectionType%3AINCLUDED%29%29%29%2C%28type%3AFUNCTION%2Cvalues%3AList%28%28id%3A13%2CselectionType%3AINCLUDED%29%2C%28id%3A8%2CselectionType%3AINCLUDED%29%29%29%29%29,https://www.linkedin.com/sales/search/people?query=%28filters%3AList%28%28type%3ACURRENT_COMPANY%2Cvalues%3AList%28%28text%3AAlkem%20Laboratories%20Limited%2CselectionType%3AINCLUDED%29%29%29%2C%28type%3ASENIORITY_LEVEL%2Cvalues%3AList%28%28id%3A310%2CselectionType%3AINCLUDED%29%2C%28id%3A300%2CselectionType%3AINCLUDED%29%2C%28id%3A220%2CselectionType%3AINCLUDED%29%2C%28id%3A320%2CselectionType%3AINCLUDED%29%29%29%29%29,pending
Existing AWS,60,FREIGHT TIGER,FREIGHT TIGER,https://www.linkedin.com/sales/search/people?query=%28filters%3AList%28%28type%3ACURRENT_COMPANY%2Cvalues%3AList%28%28text%3AFREIGHT%20TIGER%2CselectionType%3AINCLUDED%29%29%29%2C%28type%3ASENIORITY_LEVEL%2Cvalues%3AList%28%28id%3A310%2CselectionType%3AINCLUDED%29%2C%28id%3A300%2CselectionType%3AINCLUDED%29%2C%28id%3A220%2CselectionType%3AINCLUDED%29%2C%28id%3A320%2CselectionType%3AINCLUDED%29%29%29%2C%28type%3AFUNCTION%2Cvalues%3AList%28%28id%3A13%2CselectionType%3AINCLUDED%29%2C%28id%3A8%2CselectionType%3AINCLUDED%29%29%29%29%29,https://www.linkedin.com/sales/search/people?query=%28filters%3AList%28%28type%3ACURRENT_COMPANY%2Cvalues%3AList%28%28text%3AFREIGHT%20TIGER%2CselectionType%3AINCLUDED%29%29%29%2C%28type%3ASENIORITY_LEVEL%2Cvalues%3AList%28%28id%3A310%2CselectionType%3AINCLUDED%29%2C%28id%3A300%2CselectionType%3AINCLUDED%29%2C%28id%3A220%2CselectionType%3AINCLUDED%29%2C%28id%3A320%2CselectionType%3AINCLUDED%29%29%29%29%29,pending
Existing AWS,61,Cashify,Cashify,https://www.linkedin.com/sales/search/people?query=%28filters%3AList%28%28type%3ACURRENT_COMPANY%2Cvalues%3AList%28%28text%3ACashify%2CselectionType%3AINCLUDED%29%29%29%2C%28type%3ASENIORITY_LEVEL%2Cvalues%3AList%28%28id%3A310%2CselectionType%3AINCLUDED%29%2C%28id%3A300%2CselectionType%3AINCLUDED%29%2C%28id%3A220%2CselectionType%3AINCLUDED%29%2C%28id%3A320%2CselectionType%3AINCLUDED%29%29%29%2C%28type%3AFUNCTION%2Cvalues%3AList%28%28id%3A13%2CselectionType%3AINCLUDED%29%2C%28id%3A8%2CselectionType%3AINCLUDED%29%29%29%29%29,https://www.linkedin.com/sales/search/people?query=%28filters%3AList%28%28type%3ACURRENT_COMPANY%2Cvalues%3AList%28%28text%3ACashify%2CselectionType%3AINCLUDED%29%29%29%2C%28type%3ASENIORITY_LEVEL%2Cvalues%3AList%28%28id%3A310%2CselectionType%3AINCLUDED%29%2C%28id%3A300%2CselectionType%3AINCLUDED%29%2C%28id%3A220%2CselectionType%3AINCLUDED%29%2C%28id%3A320%2CselectionType%3AINCLUDED%29%29%29%29%29,pending
Existing AWS,62,TCG Digital,TCG Digital,https://www.linkedin.com/sales/search/people?query=%28filters%3AList%28%28type%3ACURRENT_COMPANY%2Cvalues%3AList%28%28text%3ATCG%20Digital%2CselectionType%3AINCLUDED%29%29%29%2C%28type%3ASENIORITY_LEVEL%2Cvalues%3AList%28%28id%3A310%2CselectionType%3AINCLUDED%29%2C%28id%3A300%2CselectionType%3AINCLUDED%29%2C%28id%3A220%2CselectionType%3AINCLUDED%29%2C%28id%3A320%2CselectionType%3AINCLUDED%29%29%29%2C%28type%3AFUNCTION%2Cvalues%3AList%28%28id%3A13%2CselectionType%3AINCLUDED%29%2C%28id%3A8%2CselectionType%3AINCLUDED%29%29%29%29%29,https://www.linkedin.com/sales/search/people?query=%28filters%3AList%28%28type%3ACURRENT_COMPANY%2Cvalues%3AList%28%28text%3ATCG%20Digital%2CselectionType%3AINCLUDED%29%29%29%2C%28type%3ASENIORITY_LEVEL%2Cvalues%3AList%28%28id%3A310%2CselectionType%3AINCLUDED%29%2C%28id%3A300%2CselectionType%3AINCLUDED%29%2C%28id%3A220%2CselectionType%3AINCLUDED%29%2C%28id%3A320%2CselectionType%3AINCLUDED%29%29%29%29%29,pending
Existing AWS,63,Spicejet Limited,Spicejet Limited,https://www.linkedin.com/sales/search/people?query=%28filters%3AList%28%28type%3ACURRENT_COMPANY%2Cvalues%3AList%28%28text%3ASpicejet%20Limited%2CselectionType%3AINCLUDED%29%29%29%2C%28type%3ASENIORITY_LEVEL%2Cvalues%3AList%28%28id%3A310%2CselectionType%3AINCLUDED%29%2C%28id%3A300%2CselectionType%3AINCLUDED%29%2C%28id%3A220%2CselectionType%3AINCLUDED%29%2C%28id%3A320%2CselectionType%3AINCLUDED%29%29%29%2C%28type%3AFUNCTION%2Cvalues%3AList%28%28id%3A13%2CselectionType%3AINCLUDED%29%2C%28id%3A8%2CselectionType%3AINCLUDED%29%29%29%29%29,https://www.linkedin.com/sales/search/people?query=%28filters%3AList%28%28type%3ACURRENT_COMPANY%2Cvalues%3AList%28%28text%3ASpicejet%20Limited%2CselectionType%3AINCLUDED%29%29%29%2C%28type%3ASENIORITY_LEVEL%2Cvalues%3AList%28%28id%3A310%2CselectionType%3AINCLUDED%29%2C%28id%3A300%2CselectionType%3AINCLUDED%29%2C%28id%3A220%2CselectionType%3AINCLUDED%29%2C%28id%3A320%2CselectionType%3AINCLUDED%29%29%29%29%29,pending
Existing AWS,64,Nimbuspost,Nimbuspost,https://www.linkedin.com/sales/search/people?query=%28filters%3AList%28%28type%3ACURRENT_COMPANY%2Cvalues%3AList%28%28text%3ANimbuspost%2CselectionType%3AINCLUDED%29%29%29%2C%28type%3ASENIORITY_LEVEL%2Cvalues%3AList%28%28id%3A310%2CselectionType%3AINCLUDED%29%2C%28id%3A300%2CselectionType%3AINCLUDED%29%2C%28id%3A220%2CselectionType%3AINCLUDED%29%2C%28id%3A320%2CselectionType%3AINCLUDED%29%29%29%2C%28type%3AFUNCTION%2Cvalues%3AList%28%28id%3A13%2CselectionType%3AINCLUDED%29%2C%28id%3A8%2CselectionType%3AINCLUDED%29%29%29%29%29,https://www.linkedin.com/sales/search/people?query=%28filters%3AList%28%28type%3ACURRENT_COMPANY%2Cvalues%3AList%28%28text%3ANimbuspost%2CselectionType%3AINCLUDED%29%29%29%2C%28type%3ASENIORITY_LEVEL%2Cvalues%3AList%28%28id%3A310%2CselectionType%3AINCLUDED%29%2C%28id%3A300%2CselectionType%3AINCLUDED%29%2C%28id%3A220%2CselectionType%3AINCLUDED%29%2C%28id%3A320%2CselectionType%3AINCLUDED%29%29%29%29%29,pending
Existing AWS,65,More Retail,More Retail,https://www.linkedin.com/sales/search/people?query=%28filters%3AList%28%28type%3ACURRENT_COMPANY%2Cvalues%3AList%28%28text%3AMore%20Retail%2CselectionType%3AINCLUDED%29%29%29%2C%28type%3ASENIORITY_LEVEL%2Cvalues%3AList%28%28id%3A310%2CselectionType%3AINCLUDED%29%2C%28id%3A300%2CselectionType%3AINCLUDED%29%2C%28id%3A220%2CselectionType%3AINCLUDED%29%2C%28id%3A320%2CselectionType%3AINCLUDED%29%29%29%2C%28type%3AFUNCTION%2Cvalues%3AList%28%28id%3A13%2CselectionType%3AINCLUDED%29%2C%28id%3A8%2CselectionType%3AINCLUDED%29%29%29%29%29,https://www.linkedin.com/sales/search/people?query=%28filters%3AList%28%28type%3ACURRENT_COMPANY%2Cvalues%3AList%28%28text%3AMore%20Retail%2CselectionType%3AINCLUDED%29%29%29%2C%28type%3ASENIORITY_LEVEL%2Cvalues%3AList%28%28id%3A310%2CselectionType%3AINCLUDED%29%2C%28id%3A300%2CselectionType%3AINCLUDED%29%2C%28id%3A220%2CselectionType%3AINCLUDED%29%2C%28id%3A320%2CselectionType%3AINCLUDED%29%29%29%29%29,pending
Existing AWS,66,Cardekho.com(GirnarSoft Pvt. Limited ),Cardekho.com,https://www.linkedin.com/sales/search/people?query=%28filters%3AList%28%28type%3ACURRENT_COMPANY%2Cvalues%3AList%28%28text%3ACardekho.com%2CselectionType%3AINCLUDED%29%29%29%2C%28type%3ASENIORITY_LEVEL%2Cvalues%3AList%28%28id%3A310%2CselectionType%3AINCLUDED%29%2C%28id%3A300%2CselectionType%3AINCLUDED%29%2C%28id%3A220%2CselectionType%3AINCLUDED%29%2C%28id%3A320%2CselectionType%3AINCLUDED%29%29%29%2C%28type%3AFUNCTION%2Cvalues%3AList%28%28id%3A13%2CselectionType%3AINCLUDED%29%2C%28id%3A8%2CselectionType%3AINCLUDED%29%29%29%29%29,https://www.linkedin.com/sales/search/people?query=%28filters%3AList%28%28type%3ACURRENT_COMPANY%2Cvalues%3AList%28%28text%3ACardekho.com%2CselectionType%3AINCLUDED%29%29%29%2C%28type%3ASENIORITY_LEVEL%2Cvalues%3AList%28%28id%3A310%2CselectionType%3AINCLUDED%29%2C%28id%3A300%2CselectionType%3AINCLUDED%29%2C%28id%3A220%2CselectionType%3AINCLUDED%29%2C%28id%3A320%2CselectionType%3AINCLUDED%29%29%29%29%29,pending
Existing AWS,67,Abhibus Services (I) Pvt. Ltd.,Abhibus Services,https://www.linkedin.com/sales/search/people?query=%28filters%3AList%28%28type%3ACURRENT_COMPANY%2Cvalues%3AList%28%28text%3AAbhibus%20Services%2CselectionType%3AINCLUDED%29%29%29%2C%28type%3ASENIORITY_LEVEL%2Cvalues%3AList%28%28id%3A310%2CselectionType%3AINCLUDED%29%2C%28id%3A300%2CselectionType%3AINCLUDED%29%2C%28id%3A220%2CselectionType%3AINCLUDED%29%2C%28id%3A320%2CselectionType%3AINCLUDED%29%29%29%2C%28type%3AFUNCTION%2Cvalues%3AList%28%28id%3A13%2CselectionType%3AINCLUDED%29%2C%28id%3A8%2CselectionType%3AINCLUDED%29%29%29%29%29,https://www.linkedin.com/sales/search/people?query=%28filters%3AList%28%28type%3ACURRENT_COMPANY%2Cvalues%3AList%28%28text%3AAbhibus%20Services%2CselectionType%3AINCLUDED%29%29%29%2C%28type%3ASENIORITY_LEVEL%2Cvalues%3AList%28%28id%3A310%2CselectionType%3AINCLUDED%29%2C%28id%3A300%2CselectionType%3AINCLUDED%29%2C%28id%3A220%2CselectionType%3AINCLUDED%29%2C%28id%3A320%2CselectionType%3AINCLUDED%29%29%29%29%29,pending
Existing AWS,68,RENEW POWER PVT LTD,RENEW POWER PVT LTD,https://www.linkedin.com/sales/search/people?query=%28filters%3AList%28%28type%3ACURRENT_COMPANY%2Cvalues%3AList%28%28text%3ARENEW%20POWER%20PVT%20LTD%2CselectionType%3AINCLUDED%29%29%29%2C%28type%3ASENIORITY_LEVEL%2Cvalues%3AList%28%28id%3A310%2CselectionType%3AINCLUDED%29%2C%28id%3A300%2CselectionType%3AINCLUDED%29%2C%28id%3A220%2CselectionType%3AINCLUDED%29%2C%28id%3A320%2CselectionType%3AINCLUDED%29%29%29%2C%28type%3AFUNCTION%2Cvalues%3AList%28%28id%3A13%2CselectionType%3AINCLUDED%29%2C%28id%3A8%2CselectionType%3AINCLUDED%29%29%29%29%29,https://www.linkedin.com/sales/search/people?query=%28filters%3AList%28%28type%3ACURRENT_COMPANY%2Cvalues%3AList%28%28text%3ARENEW%20POWER%20PVT%20LTD%2CselectionType%3AINCLUDED%29%29%29%2C%28type%3ASENIORITY_LEVEL%2Cvalues%3AList%28%28id%3A310%2CselectionType%3AINCLUDED%29%2C%28id%3A300%2CselectionType%3AINCLUDED%29%2C%28id%3A220%2CselectionType%3AINCLUDED%29%2C%28id%3A320%2CselectionType%3AINCLUDED%29%29%29%29%29,pending
Existing AWS,69,CureFit Healthcare Pvt Ltd,CureFit Healthcare,https://www.linkedin.com/sales/search/people?query=%28filters%3AList%28%28type%3ACURRENT_COMPANY%2Cvalues%3AList%28%28text%3ACureFit%20Healthcare%2CselectionType%3AINCLUDED%29%29%29%2C%28type%3ASENIORITY_LEVEL%2Cvalues%3AList%28%28id%3A310%2CselectionType%3AINCLUDED%29%2C%28id%3A300%2CselectionType%3AINCLUDED%29%2C%28id%3A220%2CselectionType%3AINCLUDED%29%2C%28id%3A320%2CselectionType%3AINCLUDED%29%29%29%2C%28type%3AFUNCTION%2Cvalues%3AList%28%28id%3A13%2CselectionType%3AINCLUDED%29%2C%28id%3A8%2CselectionType%3AINCLUDED%29%29%29%29%29,https://www.linkedin.com/sales/search/people?query=%28filters%3AList%28%28type%3ACURRENT_COMPANY%2Cvalues%3AList%28%28text%3ACureFit%20Healthcare%2CselectionType%3AINCLUDED%29%29%29%2C%28type%3ASENIORITY_LEVEL%2Cvalues%3AList%28%28id%3A310%2CselectionType%3AINCLUDED%29%2C%28id%3A300%2CselectionType%3AINCLUDED%29%2C%28id%3A220%2CselectionType%3AINCLUDED%29%2C%28id%3A320%2CselectionType%3AINCLUDED%29%29%29%29%29,pending
Existing AWS,70,Malabar Group,Malabar Group,https://www.linkedin.com/sales/search/people?query=%28filters%3AList%28%28type%3ACURRENT_COMPANY%2Cvalues%3AList%28%28text%3AMalabar%20Group%2CselectionType%3AINCLUDED%29%29%29%2C%28type%3ASENIORITY_LEVEL%2Cvalues%3AList%28%28id%3A310%2CselectionType%3AINCLUDED%29%2C%28id%3A300%2CselectionType%3AINCLUDED%29%2C%28id%3A220%2CselectionType%3AINCLUDED%29%2C%28id%3A320%2CselectionType%3AINCLUDED%29%29%29%2C%28type%3AFUNCTION%2Cvalues%3AList%28%28id%3A13%2CselectionType%3AINCLUDED%29%2C%28id%3A8%2CselectionType%3AINCLUDED%29%29%29%29%29,https://www.linkedin.com/sales/search/people?query=%28filters%3AList%28%28type%3ACURRENT_COMPANY%2Cvalues%3AList%28%28text%3AMalabar%20Group%2CselectionType%3AINCLUDED%29%29%29%2C%28type%3ASENIORITY_LEVEL%2Cvalues%3AList%28%28id%3A310%2CselectionType%3AINCLUDED%29%2C%28id%3A300%2CselectionType%3AINCLUDED%29%2C%28id%3A220%2CselectionType%3AINCLUDED%29%2C%28id%3A320%2CselectionType%3AINCLUDED%29%29%29%29%29,pending
Existing AWS,71,Rebel Foods,Rebel Foods,https://www.linkedin.com/sales/search/people?query=%28filters%3AList%28%28type%3ACURRENT_COMPANY%2Cvalues%3AList%28%28text%3ARebel%20Foods%2CselectionType%3AINCLUDED%29%29%29%2C%28type%3ASENIORITY_LEVEL%2Cvalues%3AList%28%28id%3A310%2CselectionType%3AINCLUDED%29%2C%28id%3A300%2CselectionType%3AINCLUDED%29%2C%28id%3A220%2CselectionType%3AINCLUDED%29%2C%28id%3A320%2CselectionType%3AINCLUDED%29%29%29%2C%28type%3AFUNCTION%2Cvalues%3AList%28%28id%3A13%2CselectionType%3AINCLUDED%29%2C%28id%3A8%2CselectionType%3AINCLUDED%29%29%29%29%29,https://www.linkedin.com/sales/search/people?query=%28filters%3AList%28%28type%3ACURRENT_COMPANY%2Cvalues%3AList%28%28text%3ARebel%20Foods%2CselectionType%3AINCLUDED%29%29%29%2C%28type%3ASENIORITY_LEVEL%2Cvalues%3AList%28%28id%3A310%2CselectionType%3AINCLUDED%29%2C%28id%3A300%2CselectionType%3AINCLUDED%29%2C%28id%3A220%2CselectionType%3AINCLUDED%29%2C%28id%3A320%2CselectionType%3AINCLUDED%29%29%29%29%29,pending
Existing AWS,72,Yamaha Motor India,Yamaha Motor India,https://www.linkedin.com/sales/search/people?query=%28filters%3AList%28%28type%3ACURRENT_COMPANY%2Cvalues%3AList%28%28text%3AYamaha%20Motor%20India%2CselectionType%3AINCLUDED%29%29%29%2C%28type%3ASENIORITY_LEVEL%2Cvalues%3AList%28%28id%3A310%2CselectionType%3AINCLUDED%29%2C%28id%3A300%2CselectionType%3AINCLUDED%29%2C%28id%3A220%2CselectionType%3AINCLUDED%29%2C%28id%3A320%2CselectionType%3AINCLUDED%29%29%29%2C%28type%3AFUNCTION%2Cvalues%3AList%28%28id%3A13%2CselectionType%3AINCLUDED%29%2C%28id%3A8%2CselectionType%3AINCLUDED%29%29%29%29%29,https://www.linkedin.com/sales/search/people?query=%28filters%3AList%28%28type%3ACURRENT_COMPANY%2Cvalues%3AList%28%28text%3AYamaha%20Motor%20India%2CselectionType%3AINCLUDED%29%29%29%2C%28type%3ASENIORITY_LEVEL%2Cvalues%3AList%28%28id%3A310%2CselectionType%3AINCLUDED%29%2C%28id%3A300%2CselectionType%3AINCLUDED%29%2C%28id%3A220%2CselectionType%3AINCLUDED%29%2C%28id%3A320%2CselectionType%3AINCLUDED%29%29%29%29%29,pending
Existing AWS,73,Daily Rounds,Daily Rounds,https://www.linkedin.com/sales/search/people?query=%28filters%3AList%28%28type%3ACURRENT_COMPANY%2Cvalues%3AList%28%28text%3ADaily%20Rounds%2CselectionType%3AINCLUDED%29%29%29%2C%28type%3ASENIORITY_LEVEL%2Cvalues%3AList%28%28id%3A310%2CselectionType%3AINCLUDED%29%2C%28id%3A300%2CselectionType%3AINCLUDED%29%2C%28id%3A220%2CselectionType%3AINCLUDED%29%2C%28id%3A320%2CselectionType%3AINCLUDED%29%29%29%2C%28type%3AFUNCTION%2Cvalues%3AList%28%28id%3A13%2CselectionType%3AINCLUDED%29%2C%28id%3A8%2CselectionType%3AINCLUDED%29%29%29%29%29,https://www.linkedin.com/sales/search/people?query=%28filters%3AList%28%28type%3ACURRENT_COMPANY%2Cvalues%3AList%28%28text%3ADaily%20Rounds%2CselectionType%3AINCLUDED%29%29%29%2C%28type%3ASENIORITY_LEVEL%2Cvalues%3AList%28%28id%3A310%2CselectionType%3AINCLUDED%29%2C%28id%3A300%2CselectionType%3AINCLUDED%29%2C%28id%3A220%2CselectionType%3AINCLUDED%29%2C%28id%3A320%2CselectionType%3AINCLUDED%29%29%29%29%29,pending
Existing AWS,74,UPL LIMITED,UPL,https://www.linkedin.com/sales/search/people?query=%28filters%3AList%28%28type%3ACURRENT_COMPANY%2Cvalues%3AList%28%28text%3AUPL%2CselectionType%3AINCLUDED%29%29%29%2C%28type%3ASENIORITY_LEVEL%2Cvalues%3AList%28%28id%3A310%2CselectionType%3AINCLUDED%29%2C%28id%3A300%2CselectionType%3AINCLUDED%29%2C%28id%3A220%2CselectionType%3AINCLUDED%29%2C%28id%3A320%2CselectionType%3AINCLUDED%29%29%29%2C%28type%3AFUNCTION%2Cvalues%3AList%28%28id%3A13%2CselectionType%3AINCLUDED%29%2C%28id%3A8%2CselectionType%3AINCLUDED%29%29%29%29%29,https://www.linkedin.com/sales/search/people?query=%28filters%3AList%28%28type%3ACURRENT_COMPANY%2Cvalues%3AList%28%28text%3AUPL%2CselectionType%3AINCLUDED%29%29%29%2C%28type%3ASENIORITY_LEVEL%2Cvalues%3AList%28%28id%3A310%2CselectionType%3AINCLUDED%29%2C%28id%3A300%2CselectionType%3AINCLUDED%29%2C%28id%3A220%2CselectionType%3AINCLUDED%29%2C%28id%3A320%2CselectionType%3AINCLUDED%29%29%29%29%29,pending
Existing AWS,75,nurture.farm,nurture.farm,https://www.linkedin.com/sales/search/people?query=%28filters%3AList%28%28type%3ACURRENT_COMPANY%2Cvalues%3AList%28%28text%3Anurture.farm%2CselectionType%3AINCLUDED%29%29%29%2C%28type%3ASENIORITY_LEVEL%2Cvalues%3AList%28%28id%3A310%2CselectionType%3AINCLUDED%29%2C%28id%3A300%2CselectionType%3AINCLUDED%29%2C%28id%3A220%2CselectionType%3AINCLUDED%29%2C%28id%3A320%2CselectionType%3AINCLUDED%29%29%29%2C%28type%3AFUNCTION%2Cvalues%3AList%28%28id%3A13%2CselectionType%3AINCLUDED%29%2C%28id%3A8%2CselectionType%3AINCLUDED%29%29%29%29%29,https://www.linkedin.com/sales/search/people?query=%28filters%3AList%28%28type%3ACURRENT_COMPANY%2Cvalues%3AList%28%28text%3Anurture.farm%2CselectionType%3AINCLUDED%29%29%29%2C%28type%3ASENIORITY_LEVEL%2Cvalues%3AList%28%28id%3A310%2CselectionType%3AINCLUDED%29%2C%28id%3A300%2CselectionType%3AINCLUDED%29%2C%28id%3A220%2CselectionType%3AINCLUDED%29%2C%28id%3A320%2CselectionType%3AINCLUDED%29%29%29%29%29,pending
Existing AWS,76,Hero Electronix Pvt. Ltd.,Hero Electronix,https://www.linkedin.com/sales/search/people?query=%28filters%3AList%28%28type%3ACURRENT_COMPANY%2Cvalues%3AList%28%28text%3AHero%20Electronix%2CselectionType%3AINCLUDED%29%29%29%2C%28type%3ASENIORITY_LEVEL%2Cvalues%3AList%28%28id%3A310%2CselectionType%3AINCLUDED%29%2C%28id%3A300%2CselectionType%3AINCLUDED%29%2C%28id%3A220%2CselectionType%3AINCLUDED%29%2C%28id%3A320%2CselectionType%3AINCLUDED%29%29%29%2C%28type%3AFUNCTION%2Cvalues%3AList%28%28id%3A13%2CselectionType%3AINCLUDED%29%2C%28id%3A8%2CselectionType%3AINCLUDED%29%29%29%29%29,https://www.linkedin.com/sales/search/people?query=%28filters%3AList%28%28type%3ACURRENT_COMPANY%2Cvalues%3AList%28%28text%3AHero%20Electronix%2CselectionType%3AINCLUDED%29%29%29%2C%28type%3ASENIORITY_LEVEL%2Cvalues%3AList%28%28id%3A310%2CselectionType%3AINCLUDED%29%2C%28id%3A300%2CselectionType%3AINCLUDED%29%2C%28id%3A220%2CselectionType%3AINCLUDED%29%2C%28id%3A320%2CselectionType%3AINCLUDED%29%29%29%29%29,pending
Existing AWS,77,GRT Jewellers,GRT Jewellers,https://www.linkedin.com/sales/search/people?query=%28filters%3AList%28%28type%3ACURRENT_COMPANY%2Cvalues%3AList%28%28text%3AGRT%20Jewellers%2CselectionType%3AINCLUDED%29%29%29%2C%28type%3ASENIORITY_LEVEL%2Cvalues%3AList%28%28id%3A310%2CselectionType%3AINCLUDED%29%2C%28id%3A300%2CselectionType%3AINCLUDED%29%2C%28id%3A220%2CselectionType%3AINCLUDED%29%2C%28id%3A320%2CselectionType%3AINCLUDED%29%29%29%2C%28type%3AFUNCTION%2Cvalues%3AList%28%28id%3A13%2CselectionType%3AINCLUDED%29%2C%28id%3A8%2CselectionType%3AINCLUDED%29%29%29%29%29,https://www.linkedin.com/sales/search/people?query=%28filters%3AList%28%28type%3ACURRENT_COMPANY%2Cvalues%3AList%28%28text%3AGRT%20Jewellers%2CselectionType%3AINCLUDED%29%29%29%2C%28type%3ASENIORITY_LEVEL%2Cvalues%3AList%28%28id%3A310%2CselectionType%3AINCLUDED%29%2C%28id%3A300%2CselectionType%3AINCLUDED%29%2C%28id%3A220%2CselectionType%3AINCLUDED%29%2C%28id%3A320%2CselectionType%3AINCLUDED%29%29%29%29%29,pending
Existing AWS,78,EIH Ltd (Oberoi Hotels),EIH Ltd,https://www.linkedin.com/sales/search/people?query=%28filters%3AList%28%28type%3ACURRENT_COMPANY%2Cvalues%3AList%28%28text%3AEIH%20Ltd%2CselectionType%3AINCLUDED%29%29%29%2C%28type%3ASENIORITY_LEVEL%2Cvalues%3AList%28%28id%3A310%2CselectionType%3AINCLUDED%29%2C%28id%3A300%2CselectionType%3AINCLUDED%29%2C%28id%3A220%2CselectionType%3AINCLUDED%29%2C%28id%3A320%2CselectionType%3AINCLUDED%29%29%29%2C%28type%3AFUNCTION%2Cvalues%3AList%28%28id%3A13%2CselectionType%3AINCLUDED%29%2C%28id%3A8%2CselectionType%3AINCLUDED%29%29%29%29%29,https://www.linkedin.com/sales/search/people?query=%28filters%3AList%28%28type%3ACURRENT_COMPANY%2Cvalues%3AList%28%28text%3AEIH%20Ltd%2CselectionType%3AINCLUDED%29%29%29%2C%28type%3ASENIORITY_LEVEL%2Cvalues%3AList%28%28id%3A310%2CselectionType%3AINCLUDED%29%2C%28id%3A300%2CselectionType%3AINCLUDED%29%2C%28id%3A220%2CselectionType%3AINCLUDED%29%2C%28id%3A320%2CselectionType%3AINCLUDED%29%29%29%29%29,pending
Existing AWS,79,Green Agrevolution Private Limited,Green Agrevolution,https://www.linkedin.com/sales/search/people?query=%28filters%3AList%28%28type%3ACURRENT_COMPANY%2Cvalues%3AList%28%28text%3AGreen%20Agrevolution%2CselectionType%3AINCLUDED%29%29%29%2C%28type%3ASENIORITY_LEVEL%2Cvalues%3AList%28%28id%3A310%2CselectionType%3AINCLUDED%29%2C%28id%3A300%2CselectionType%3AINCLUDED%29%2C%28id%3A220%2CselectionType%3AINCLUDED%29%2C%28id%3A320%2CselectionType%3AINCLUDED%29%29%29%2C%28type%3AFUNCTION%2Cvalues%3AList%28%28id%3A13%2CselectionType%3AINCLUDED%29%2C%28id%3A8%2CselectionType%3AINCLUDED%29%29%29%29%29,https://www.linkedin.com/sales/search/people?query=%28filters%3AList%28%28type%3ACURRENT_COMPANY%2Cvalues%3AList%28%28text%3AGreen%20Agrevolution%2CselectionType%3AINCLUDED%29%29%29%2C%28type%3ASENIORITY_LEVEL%2Cvalues%3AList%28%28id%3A310%2CselectionType%3AINCLUDED%29%2C%28id%3A300%2CselectionType%3AINCLUDED%29%2C%28id%3A220%2CselectionType%3AINCLUDED%29%2C%28id%3A320%2CselectionType%3AINCLUDED%29%29%29%29%29,pending
Existing AWS,80,Pickrr,Pickrr,https://www.linkedin.com/sales/search/people?query=%28filters%3AList%28%28type%3ACURRENT_COMPANY%2Cvalues%3AList%28%28text%3APickrr%2CselectionType%3AINCLUDED%29%29%29%2C%28type%3ASENIORITY_LEVEL%2Cvalues%3AList%28%28id%3A310%2CselectionType%3AINCLUDED%29%2C%28id%3A300%2CselectionType%3AINCLUDED%29%2C%28id%3A220%2CselectionType%3AINCLUDED%29%2C%28id%3A320%2CselectionType%3AINCLUDED%29%29%29%2C%28type%3AFUNCTION%2Cvalues%3AList%28%28id%3A13%2CselectionType%3AINCLUDED%29%2C%28id%3A8%2CselectionType%3AINCLUDED%29%29%29%29%29,https://www.linkedin.com/sales/search/people?query=%28filters%3AList%28%28type%3ACURRENT_COMPANY%2Cvalues%3AList%28%28text%3APickrr%2CselectionType%3AINCLUDED%29%29%29%2C%28type%3ASENIORITY_LEVEL%2Cvalues%3AList%28%28id%3A310%2CselectionType%3AINCLUDED%29%2C%28id%3A300%2CselectionType%3AINCLUDED%29%2C%28id%3A220%2CselectionType%3AINCLUDED%29%2C%28id%3A320%2CselectionType%3AINCLUDED%29%29%29%29%29,pending
Existing AWS,81,Healthians,Healthians,https://www.linkedin.com/sales/search/people?query=%28filters%3AList%28%28type%3ACURRENT_COMPANY%2Cvalues%3AList%28%28text%3AHealthians%2CselectionType%3AINCLUDED%29%29%29%2C%28type%3ASENIORITY_LEVEL%2Cvalues%3AList%28%28id%3A310%2CselectionType%3AINCLUDED%29%2C%28id%3A300%2CselectionType%3AINCLUDED%29%2C%28id%3A220%2CselectionType%3AINCLUDED%29%2C%28id%3A320%2CselectionType%3AINCLUDED%29%29%29%2C%28type%3AFUNCTION%2Cvalues%3AList%28%28id%3A13%2CselectionType%3AINCLUDED%29%2C%28id%3A8%2CselectionType%3AINCLUDED%29%29%29%29%29,https://www.linkedin.com/sales/search/people?query=%28filters%3AList%28%28type%3ACURRENT_COMPANY%2Cvalues%3AList%28%28text%3AHealthians%2CselectionType%3AINCLUDED%29%29%29%2C%28type%3ASENIORITY_LEVEL%2Cvalues%3AList%28%28id%3A310%2CselectionType%3AINCLUDED%29%2C%28id%3A300%2CselectionType%3AINCLUDED%29%2C%28id%3A220%2CselectionType%3AINCLUDED%29%2C%28id%3A320%2CselectionType%3AINCLUDED%29%29%29%29%29,pending
Existing AWS,82,SENCO,SENCO,https://www.linkedin.com/sales/search/people?query=%28filters%3AList%28%28type%3ACURRENT_COMPANY%2Cvalues%3AList%28%28text%3ASENCO%2CselectionType%3AINCLUDED%29%29%29%2C%28type%3ASENIORITY_LEVEL%2Cvalues%3AList%28%28id%3A310%2CselectionType%3AINCLUDED%29%2C%28id%3A300%2CselectionType%3AINCLUDED%29%2C%28id%3A220%2CselectionType%3AINCLUDED%29%2C%28id%3A320%2CselectionType%3AINCLUDED%29%29%29%2C%28type%3AFUNCTION%2Cvalues%3AList%28%28id%3A13%2CselectionType%3AINCLUDED%29%2C%28id%3A8%2CselectionType%3AINCLUDED%29%29%29%29%29,https://www.linkedin.com/sales/search/people?query=%28filters%3AList%28%28type%3ACURRENT_COMPANY%2Cvalues%3AList%28%28text%3ASENCO%2CselectionType%3AINCLUDED%29%29%29%2C%28type%3ASENIORITY_LEVEL%2Cvalues%3AList%28%28id%3A310%2CselectionType%3AINCLUDED%29%2C%28id%3A300%2CselectionType%3AINCLUDED%29%2C%28id%3A220%2CselectionType%3AINCLUDED%29%2C%28id%3A320%2CselectionType%3AINCLUDED%29%29%29%29%29,pending
Existing AWS,83,COCOBLU RETAIL LIMITED,COCOBLU RETAIL,https://www.linkedin.com/sales/search/people?query=%28filters%3AList%28%28type%3ACURRENT_COMPANY%2Cvalues%3AList%28%28text%3ACOCOBLU%20RETAIL%2CselectionType%3AINCLUDED%29%29%29%2C%28type%3ASENIORITY_LEVEL%2Cvalues%3AList%28%28id%3A310%2CselectionType%3AINCLUDED%29%2C%28id%3A300%2CselectionType%3AINCLUDED%29%2C%28id%3A220%2CselectionType%3AINCLUDED%29%2C%28id%3A320%2CselectionType%3AINCLUDED%29%29%29%2C%28type%3AFUNCTION%2Cvalues%3AList%28%28id%3A13%2CselectionType%3AINCLUDED%29%2C%28id%3A8%2CselectionType%3AINCLUDED%29%29%29%29%29,https://www.linkedin.com/sales/search/people?query=%28filters%3AList%28%28type%3ACURRENT_COMPANY%2Cvalues%3AList%28%28text%3ACOCOBLU%20RETAIL%2CselectionType%3AINCLUDED%29%29%29%2C%28type%3ASENIORITY_LEVEL%2Cvalues%3AList%28%28id%3A310%2CselectionType%3AINCLUDED%29%2C%28id%3A300%2CselectionType%3AINCLUDED%29%2C%28id%3A220%2CselectionType%3AINCLUDED%29%2C%28id%3A320%2CselectionType%3AINCLUDED%29%29%29%29%29,pending
Existing AWS,84,Ashok Leyland,Ashok Leyland,https://www.linkedin.com/sales/search/people?query=%28filters%3AList%28%28type%3ACURRENT_COMPANY%2Cvalues%3AList%28%28text%3AAshok%20Leyland%2CselectionType%3AINCLUDED%29%29%29%2C%28type%3ASENIORITY_LEVEL%2Cvalues%3AList%28%28id%3A310%2CselectionType%3AINCLUDED%29%2C%28id%3A300%2CselectionType%3AINCLUDED%29%2C%28id%3A220%2CselectionType%3AINCLUDED%29%2C%28id%3A320%2CselectionType%3AINCLUDED%29%29%29%2C%28type%3AFUNCTION%2Cvalues%3AList%28%28id%3A13%2CselectionType%3AINCLUDED%29%2C%28id%3A8%2CselectionType%3AINCLUDED%29%29%29%29%29,https://www.linkedin.com/sales/search/people?query=%28filters%3AList%28%28type%3ACURRENT_COMPANY%2Cvalues%3AList%28%28text%3AAshok%20Leyland%2CselectionType%3AINCLUDED%29%29%29%2C%28type%3ASENIORITY_LEVEL%2Cvalues%3AList%28%28id%3A310%2CselectionType%3AINCLUDED%29%2C%28id%3A300%2CselectionType%3AINCLUDED%29%2C%28id%3A220%2CselectionType%3AINCLUDED%29%2C%28id%3A320%2CselectionType%3AINCLUDED%29%29%29%29%29,pending
Existing AWS,85,BlueBrix Health,BlueBrix Health,https://www.linkedin.com/sales/search/people?query=%28filters%3AList%28%28type%3ACURRENT_COMPANY%2Cvalues%3AList%28%28text%3ABlueBrix%20Health%2CselectionType%3AINCLUDED%29%29%29%2C%28type%3ASENIORITY_LEVEL%2Cvalues%3AList%28%28id%3A310%2CselectionType%3AINCLUDED%29%2C%28id%3A300%2CselectionType%3AINCLUDED%29%2C%28id%3A220%2CselectionType%3AINCLUDED%29%2C%28id%3A320%2CselectionType%3AINCLUDED%29%29%29%2C%28type%3AFUNCTION%2Cvalues%3AList%28%28id%3A13%2CselectionType%3AINCLUDED%29%2C%28id%3A8%2CselectionType%3AINCLUDED%29%29%29%29%29,https://www.linkedin.com/sales/search/people?query=%28filters%3AList%28%28type%3ACURRENT_COMPANY%2Cvalues%3AList%28%28text%3ABlueBrix%20Health%2CselectionType%3AINCLUDED%29%29%29%2C%28type%3ASENIORITY_LEVEL%2Cvalues%3AList%28%28id%3A310%2CselectionType%3AINCLUDED%29%2C%28id%3A300%2CselectionType%3AINCLUDED%29%2C%28id%3A220%2CselectionType%3AINCLUDED%29%2C%28id%3A320%2CselectionType%3AINCLUDED%29%29%29%29%29,pending
Existing AWS,86,Oyo Rooms,Oyo Rooms,https://www.linkedin.com/sales/search/people?query=%28filters%3AList%28%28type%3ACURRENT_COMPANY%2Cvalues%3AList%28%28text%3AOyo%20Rooms%2CselectionType%3AINCLUDED%29%29%29%2C%28type%3ASENIORITY_LEVEL%2Cvalues%3AList%28%28id%3A310%2CselectionType%3AINCLUDED%29%2C%28id%3A300%2CselectionType%3AINCLUDED%29%2C%28id%3A220%2CselectionType%3AINCLUDED%29%2C%28id%3A320%2CselectionType%3AINCLUDED%29%29%29%2C%28type%3AFUNCTION%2Cvalues%3AList%28%28id%3A13%2CselectionType%3AINCLUDED%29%2C%28id%3A8%2CselectionType%3AINCLUDED%29%29%29%29%29,https://www.linkedin.com/sales/search/people?query=%28filters%3AList%28%28type%3ACURRENT_COMPANY%2Cvalues%3AList%28%28text%3AOyo%20Rooms%2CselectionType%3AINCLUDED%29%29%29%2C%28type%3ASENIORITY_LEVEL%2Cvalues%3AList%28%28id%3A310%2CselectionType%3AINCLUDED%29%2C%28id%3A300%2CselectionType%3AINCLUDED%29%2C%28id%3A220%2CselectionType%3AINCLUDED%29%2C%28id%3A320%2CselectionType%3AINCLUDED%29%29%29%29%29,pending
Existing AWS,87,Cashkaro.com,Cashkaro.com,https://www.linkedin.com/sales/search/people?query=%28filters%3AList%28%28type%3ACURRENT_COMPANY%2Cvalues%3AList%28%28text%3ACashkaro.com%2CselectionType%3AINCLUDED%29%29%29%2C%28type%3ASENIORITY_LEVEL%2Cvalues%3AList%28%28id%3A310%2CselectionType%3AINCLUDED%29%2C%28id%3A300%2CselectionType%3AINCLUDED%29%2C%28id%3A220%2CselectionType%3AINCLUDED%29%2C%28id%3A320%2CselectionType%3AINCLUDED%29%29%29%2C%28type%3AFUNCTION%2Cvalues%3AList%28%28id%3A13%2CselectionType%3AINCLUDED%29%2C%28id%3A8%2CselectionType%3AINCLUDED%29%29%29%29%29,https://www.linkedin.com/sales/search/people?query=%28filters%3AList%28%28type%3ACURRENT_COMPANY%2Cvalues%3AList%28%28text%3ACashkaro.com%2CselectionType%3AINCLUDED%29%29%29%2C%28type%3ASENIORITY_LEVEL%2Cvalues%3AList%28%28id%3A310%2CselectionType%3AINCLUDED%29%2C%28id%3A300%2CselectionType%3AINCLUDED%29%2C%28id%3A220%2CselectionType%3AINCLUDED%29%2C%28id%3A320%2CselectionType%3AINCLUDED%29%29%29%29%29,pending
Existing AWS,88,Kalyan Jewellers,Kalyan Jewellers,https://www.linkedin.com/sales/search/people?query=%28filters%3AList%28%28type%3ACURRENT_COMPANY%2Cvalues%3AList%28%28text%3AKalyan%20Jewellers%2CselectionType%3AINCLUDED%29%29%29%2C%28type%3ASENIORITY_LEVEL%2Cvalues%3AList%28%28id%3A310%2CselectionType%3AINCLUDED%29%2C%28id%3A300%2CselectionType%3AINCLUDED%29%2C%28id%3A220%2CselectionType%3AINCLUDED%29%2C%28id%3A320%2CselectionType%3AINCLUDED%29%29%29%2C%28type%3AFUNCTION%2Cvalues%3AList%28%28id%3A13%2CselectionType%3AINCLUDED%29%2C%28id%3A8%2CselectionType%3AINCLUDED%29%29%29%29%29,https://www.linkedin.com/sales/search/people?query=%28filters%3AList%28%28type%3ACURRENT_COMPANY%2Cvalues%3AList%28%28text%3AKalyan%20Jewellers%2CselectionType%3AINCLUDED%29%29%29%2C%28type%3ASENIORITY_LEVEL%2Cvalues%3AList%28%28id%3A310%2CselectionType%3AINCLUDED%29%2C%28id%3A300%2CselectionType%3AINCLUDED%29%2C%28id%3A220%2CselectionType%3AINCLUDED%29%2C%28id%3A320%2CselectionType%3AINCLUDED%29%29%29%29%29,pending
Existing AWS,89,Innova Market Insights,Innova Market Insights,https://www.linkedin.com/sales/search/people?query=%28filters%3AList%28%28type%3ACURRENT_COMPANY%2Cvalues%3AList%28%28text%3AInnova%20Market%20Insights%2CselectionType%3AINCLUDED%29%29%29%2C%28type%3ASENIORITY_LEVEL%2Cvalues%3AList%28%28id%3A310%2CselectionType%3AINCLUDED%29%2C%28id%3A300%2CselectionType%3AINCLUDED%29%2C%28id%3A220%2CselectionType%3AINCLUDED%29%2C%28id%3A320%2CselectionType%3AINCLUDED%29%29%29%2C%28type%3AFUNCTION%2Cvalues%3AList%28%28id%3A13%2CselectionType%3AINCLUDED%29%2C%28id%3A8%2CselectionType%3AINCLUDED%29%29%29%29%29,https://www.linkedin.com/sales/search/people?query=%28filters%3AList%28%28type%3ACURRENT_COMPANY%2Cvalues%3AList%28%28text%3AInnova%20Market%20Insights%2CselectionType%3AINCLUDED%29%29%29%2C%28type%3ASENIORITY_LEVEL%2Cvalues%3AList%28%28id%3A310%2CselectionType%3AINCLUDED%29%2C%28id%3A300%2CselectionType%3AINCLUDED%29%2C%28id%3A220%2CselectionType%3AINCLUDED%29%2C%28id%3A320%2CselectionType%3AINCLUDED%29%29%29%29%29,pending
Existing AWS,90,Imagine Marketing Pvt. Ltd (Boat),Imagine Marketing Pvt. Ltd,https://www.linkedin.com/sales/search/people?query=%28filters%3AList%28%28type%3ACURRENT_COMPANY%2Cvalues%3AList%28%28text%3AImagine%20Marketing%20Pvt.%20Ltd%2CselectionType%3AINCLUDED%29%29%29%2C%28type%3ASENIORITY_LEVEL%2Cvalues%3AList%28%28id%3A310%2CselectionType%3AINCLUDED%29%2C%28id%3A300%2CselectionType%3AINCLUDED%29%2C%28id%3A220%2CselectionType%3AINCLUDED%29%2C%28id%3A320%2CselectionType%3AINCLUDED%29%29%29%2C%28type%3AFUNCTION%2Cvalues%3AList%28%28id%3A13%2CselectionType%3AINCLUDED%29%2C%28id%3A8%2CselectionType%3AINCLUDED%29%29%29%29%29,https://www.linkedin.com/sales/search/people?query=%28filters%3AList%28%28type%3ACURRENT_COMPANY%2Cvalues%3AList%28%28text%3AImagine%20Marketing%20Pvt.%20Ltd%2CselectionType%3AINCLUDED%29%29%29%2C%28type%3ASENIORITY_LEVEL%2Cvalues%3AList%28%28id%3A310%2CselectionType%3AINCLUDED%29%2C%28id%3A300%2CselectionType%3AINCLUDED%29%2C%28id%3A220%2CselectionType%3AINCLUDED%29%2C%28id%3A320%2CselectionType%3AINCLUDED%29%29%29%29%29,pending
Existing AWS,91,Lynk Logistics Pvt Ltd,Lynk Logistics,https://www.linkedin.com/sales/search/people?query=%28filters%3AList%28%28type%3ACURRENT_COMPANY%2Cvalues%3AList%28%28text%3ALynk%20Logistics%2CselectionType%3AINCLUDED%29%29%29%2C%28type%3ASENIORITY_LEVEL%2Cvalues%3AList%28%28id%3A310%2CselectionType%3AINCLUDED%29%2C%28id%3A300%2CselectionType%3AINCLUDED%29%2C%28id%3A220%2CselectionType%3AINCLUDED%29%2C%28id%3A320%2CselectionType%3AINCLUDED%29%29%29%2C%28type%3AFUNCTION%2Cvalues%3AList%28%28id%3A13%2CselectionType%3AINCLUDED%29%2C%28id%3A8%2CselectionType%3AINCLUDED%29%29%29%29%29,https://www.linkedin.com/sales/search/people?query=%28filters%3AList%28%28type%3ACURRENT_COMPANY%2Cvalues%3AList%28%28text%3ALynk%20Logistics%2CselectionType%3AINCLUDED%29%29%29%2C%28type%3ASENIORITY_LEVEL%2Cvalues%3AList%28%28id%3A310%2CselectionType%3AINCLUDED%29%2C%28id%3A300%2CselectionType%3AINCLUDED%29%2C%28id%3A220%2CselectionType%3AINCLUDED%29%2C%28id%3A320%2CselectionType%3AINCLUDED%29%29%29%29%29,pending
Existing AWS,92,Yatra.com,Yatra.com,https://www.linkedin.com/sales/search/people?query=%28filters%3AList%28%28type%3ACURRENT_COMPANY%2Cvalues%3AList%28%28text%3AYatra.com%2CselectionType%3AINCLUDED%29%29%29%2C%28type%3ASENIORITY_LEVEL%2Cvalues%3AList%28%28id%3A310%2CselectionType%3AINCLUDED%29%2C%28id%3A300%2CselectionType%3AINCLUDED%29%2C%28id%3A220%2CselectionType%3AINCLUDED%29%2C%28id%3A320%2CselectionType%3AINCLUDED%29%29%29%2C%28type%3AFUNCTION%2Cvalues%3AList%28%28id%3A13%2CselectionType%3AINCLUDED%29%2C%28id%3A8%2CselectionType%3AINCLUDED%29%29%29%29%29,https://www.linkedin.com/sales/search/people?query=%28filters%3AList%28%28type%3ACURRENT_COMPANY%2Cvalues%3AList%28%28text%3AYatra.com%2CselectionType%3AINCLUDED%29%29%29%2C%28type%3ASENIORITY_LEVEL%2Cvalues%3AList%28%28id%3A310%2CselectionType%3AINCLUDED%29%2C%28id%3A300%2CselectionType%3AINCLUDED%29%2C%28id%3A220%2CselectionType%3AINCLUDED%29%2C%28id%3A320%2CselectionType%3AINCLUDED%29%29%29%29%29,pending
Existing AWS,93,CLICKTECH RETAIL PRIVATE LIMITED,CLICKTECH RETAIL,https://www.linkedin.com/sales/search/people?query=%28filters%3AList%28%28type%3ACURRENT_COMPANY%2Cvalues%3AList%28%28text%3ACLICKTECH%20RETAIL%2CselectionType%3AINCLUDED%29%29%29%2C%28type%3ASENIORITY_LEVEL%2Cvalues%3AList%28%28id%3A310%2CselectionType%3AINCLUDED%29%2C%28id%3A300%2CselectionType%3AINCLUDED%29%2C%28id%3A220%2CselectionType%3AINCLUDED%29%2C%28id%3A320%2CselectionType%3AINCLUDED%29%29%29%2C%28type%3AFUNCTION%2Cvalues%3AList%28%28id%3A13%2CselectionType%3AINCLUDED%29%2C%28id%3A8%2CselectionType%3AINCLUDED%29%29%29%29%29,https://www.linkedin.com/sales/search/people?query=%28filters%3AList%28%28type%3ACURRENT_COMPANY%2Cvalues%3AList%28%28text%3ACLICKTECH%20RETAIL%2CselectionType%3AINCLUDED%29%29%29%2C%28type%3ASENIORITY_LEVEL%2Cvalues%3AList%28%28id%3A310%2CselectionType%3AINCLUDED%29%2C%28id%3A300%2CselectionType%3AINCLUDED%29%2C%28id%3A220%2CselectionType%3AINCLUDED%29%2C%28id%3A320%2CselectionType%3AINCLUDED%29%29%29%29%29,pending
Existing AWS,94,TVS Supply Chain Solutions Limited,TVS Supply Chain Solutions Limited,https://www.linkedin.com/sales/search/people?query=%28filters%3AList%28%28type%3ACURRENT_COMPANY%2Cvalues%3AList%28%28text%3ATVS%20Supply%20Chain%20Solutions%20Limited%2CselectionType%3AINCLUDED%29%29%29%2C%28type%3ASENIORITY_LEVEL%2Cvalues%3AList%28%28id%3A310%2CselectionType%3AINCLUDED%29%2C%28id%3A300%2CselectionType%3AINCLUDED%29%2C%28id%3A220%2CselectionType%3AINCLUDED%29%2C%28id%3A320%2CselectionType%3AINCLUDED%29%29%29%2C%28type%3AFUNCTION%2Cvalues%3AList%28%28id%3A13%2CselectionType%3AINCLUDED%29%2C%28id%3A8%2CselectionType%3AINCLUDED%29%29%29%29%29,https://www.linkedin.com/sales/search/people?query=%28filters%3AList%28%28type%3ACURRENT_COMPANY%2Cvalues%3AList%28%28text%3ATVS%20Supply%20Chain%20Solutions%20Limited%2CselectionType%3AINCLUDED%29%29%29%2C%28type%3ASENIORITY_LEVEL%2Cvalues%3AList%28%28id%3A310%2CselectionType%3AINCLUDED%29%2C%28id%3A300%2CselectionType%3AINCLUDED%29%2C%28id%3A220%2CselectionType%3AINCLUDED%29%2C%28id%3A320%2CselectionType%3AINCLUDED%29%29%29%29%29,pending
Existing AWS,95,Hatsun Agro Products,Hatsun Agro Products,https://www.linkedin.com/sales/search/people?query=%28filters%3AList%28%28type%3ACURRENT_COMPANY%2Cvalues%3AList%28%28text%3AHatsun%20Agro%20Products%2CselectionType%3AINCLUDED%29%29%29%2C%28type%3ASENIORITY_LEVEL%2Cvalues%3AList%28%28id%3A310%2CselectionType%3AINCLUDED%29%2C%28id%3A300%2CselectionType%3AINCLUDED%29%2C%28id%3A220%2CselectionType%3AINCLUDED%29%2C%28id%3A320%2CselectionType%3AINCLUDED%29%29%29%2C%28type%3AFUNCTION%2Cvalues%3AList%28%28id%3A13%2CselectionType%3AINCLUDED%29%2C%28id%3A8%2CselectionType%3AINCLUDED%29%29%29%29%29,https://www.linkedin.com/sales/search/people?query=%28filters%3AList%28%28type%3ACURRENT_COMPANY%2Cvalues%3AList%28%28text%3AHatsun%20Agro%20Products%2CselectionType%3AINCLUDED%29%29%29%2C%28type%3ASENIORITY_LEVEL%2Cvalues%3AList%28%28id%3A310%2CselectionType%3AINCLUDED%29%2C%28id%3A300%2CselectionType%3AINCLUDED%29%2C%28id%3A220%2CselectionType%3AINCLUDED%29%2C%28id%3A320%2CselectionType%3AINCLUDED%29%29%29%29%29,pending
Existing AWS,96,THERMAX LIMITED,THERMAX,https://www.linkedin.com/sales/search/people?query=%28filters%3AList%28%28type%3ACURRENT_COMPANY%2Cvalues%3AList%28%28text%3ATHERMAX%2CselectionType%3AINCLUDED%29%29%29%2C%28type%3ASENIORITY_LEVEL%2Cvalues%3AList%28%28id%3A310%2CselectionType%3AINCLUDED%29%2C%28id%3A300%2CselectionType%3AINCLUDED%29%2C%28id%3A220%2CselectionType%3AINCLUDED%29%2C%28id%3A320%2CselectionType%3AINCLUDED%29%29%29%2C%28type%3AFUNCTION%2Cvalues%3AList%28%28id%3A13%2CselectionType%3AINCLUDED%29%2C%28id%3A8%2CselectionType%3AINCLUDED%29%29%29%29%29,https://www.linkedin.com/sales/search/people?query=%28filters%3AList%28%28type%3ACURRENT_COMPANY%2Cvalues%3AList%28%28text%3ATHERMAX%2CselectionType%3AINCLUDED%29%29%29%2C%28type%3ASENIORITY_LEVEL%2Cvalues%3AList%28%28id%3A310%2CselectionType%3AINCLUDED%29%2C%28id%3A300%2CselectionType%3AINCLUDED%29%2C%28id%3A220%2CselectionType%3AINCLUDED%29%2C%28id%3A320%2CselectionType%3AINCLUDED%29%29%29%29%29,pending
Existing AWS,97,Eatclub Brands,Eatclub Brands,https://www.linkedin.com/sales/search/people?query=%28filters%3AList%28%28type%3ACURRENT_COMPANY%2Cvalues%3AList%28%28text%3AEatclub%20Brands%2CselectionType%3AINCLUDED%29%29%29%2C%28type%3ASENIORITY_LEVEL%2Cvalues%3AList%28%28id%3A310%2CselectionType%3AINCLUDED%29%2C%28id%3A300%2CselectionType%3AINCLUDED%29%2C%28id%3A220%2CselectionType%3AINCLUDED%29%2C%28id%3A320%2CselectionType%3AINCLUDED%29%29%29%2C%28type%3AFUNCTION%2Cvalues%3AList%28%28id%3A13%2CselectionType%3AINCLUDED%29%2C%28id%3A8%2CselectionType%3AINCLUDED%29%29%29%29%29,https://www.linkedin.com/sales/search/people?query=%28filters%3AList%28%28type%3ACURRENT_COMPANY%2Cvalues%3AList%28%28text%3AEatclub%20Brands%2CselectionType%3AINCLUDED%29%29%29%2C%28type%3ASENIORITY_LEVEL%2Cvalues%3AList%28%28id%3A310%2CselectionType%3AINCLUDED%29%2C%28id%3A300%2CselectionType%3AINCLUDED%29%2C%28id%3A220%2CselectionType%3AINCLUDED%29%2C%28id%3A320%2CselectionType%3AINCLUDED%29%29%29%29%29,pending
Existing AWS,98,Jyothy Laboratories,Jyothy Laboratories,https://www.linkedin.com/sales/search/people?query=%28filters%3AList%28%28type%3ACURRENT_COMPANY%2Cvalues%3AList%28%28text%3AJyothy%20Laboratories%2CselectionType%3AINCLUDED%29%29%29%2C%28type%3ASENIORITY_LEVEL%2Cvalues%3AList%28%28id%3A310%2CselectionType%3AINCLUDED%29%2C%28id%3A300%2CselectionType%3AINCLUDED%29%2C%28id%3A220%2CselectionType%3AINCLUDED%29%2C%28id%3A320%2CselectionType%3AINCLUDED%29%29%29%2C%28type%3AFUNCTION%2Cvalues%3AList%28%28id%3A13%2CselectionType%3AINCLUDED%29%2C%28id%3A8%2CselectionType%3AINCLUDED%29%29%29%29%29,https://www.linkedin.com/sales/search/people?query=%28filters%3AList%28%28type%3ACURRENT_COMPANY%2Cvalues%3AList%28%28text%3AJyothy%20Laboratories%2CselectionType%3AINCLUDED%29%29%29%2C%28type%3ASENIORITY_LEVEL%2Cvalues%3AList%28%28id%3A310%2CselectionType%3AINCLUDED%29%2C%28id%3A300%2CselectionType%3AINCLUDED%29%2C%28id%3A220%2CselectionType%3AINCLUDED%29%2C%28id%3A320%2CselectionType%3AINCLUDED%29%29%29%29%29,pending
Existing AWS,99,Wellness Forever Medicare Pvt. Ltd.,Wellness Forever Medicare,https://www.linkedin.com/sales/search/people?query=%28filters%3AList%28%28type%3ACURRENT_COMPANY%2Cvalues%3AList%28%28text%3AWellness%20Forever%20Medicare%2CselectionType%3AINCLUDED%29%29%29%2C%28type%3ASENIORITY_LEVEL%2Cvalues%3AList%28%28id%3A310%2CselectionType%3AINCLUDED%29%2C%28id%3A300%2CselectionType%3AINCLUDED%29%2C%28id%3A220%2CselectionType%3AINCLUDED%29%2C%28id%3A320%2CselectionType%3AINCLUDED%29%29%29%2C%28type%3AFUNCTION%2Cvalues%3AList%28%28id%3A13%2CselectionType%3AINCLUDED%29%2C%28id%3A8%2CselectionType%3AINCLUDED%29%29%29%29%29,https://www.linkedin.com/sales/search/people?query=%28filters%3AList%28%28type%3ACURRENT_COMPANY%2Cvalues%3AList%28%28text%3AWellness%20Forever%20Medicare%2CselectionType%3AINCLUDED%29%29%29%2C%28type%3ASENIORITY_LEVEL%2Cvalues%3AList%28%28id%3A310%2CselectionType%3AINCLUDED%29%2C%28id%3A300%2CselectionType%3AINCLUDED%29%2C%28id%3A220%2CselectionType%3AINCLUDED%29%2C%28id%3A320%2CselectionType%3AINCLUDED%29%29%29%29%29,pending
Existing AWS,100,Bright Lifecare Pvt. Ltd.(HealthKart),Bright Lifecare,https://www.linkedin.com/sales/search/people?query=%28filters%3AList%28%28type%3ACURRENT_COMPANY%2Cvalues%3AList%28%28text%3ABright%20Lifecare%2CselectionType%3AINCLUDED%29%29%29%2C%28type%3ASENIORITY_LEVEL%2Cvalues%3AList%28%28id%3A310%2CselectionType%3AINCLUDED%29%2C%28id%3A300%2CselectionType%3AINCLUDED%29%2C%28id%3A220%2CselectionType%3AINCLUDED%29%2C%28id%3A320%2CselectionType%3AINCLUDED%29%29%29%2C%28type%3AFUNCTION%2Cvalues%3AList%28%28id%3A13%2CselectionType%3AINCLUDED%29%2C%28id%3A8%2CselectionType%3AINCLUDED%29%29%29%29%29,https://www.linkedin.com/sales/search/people?query=%28filters%3AList%28%28type%3ACURRENT_COMPANY%2Cvalues%3AList%28%28text%3ABright%20Lifecare%2CselectionType%3AINCLUDED%29%29%29%2C%28type%3ASENIORITY_LEVEL%2Cvalues%3AList%28%28id%3A310%2CselectionType%3AINCLUDED%29%2C%28id%3A300%2CselectionType%3AINCLUDED%29%2C%28id%3A220%2CselectionType%3AINCLUDED%29%2C%28id%3A320%2CselectionType%3AINCLUDED%29%29%29%29%29,pending
Existing AWS,101,Angara.com,Angara.com,https://www.linkedin.com/sales/search/people?query=%28filters%3AList%28%28type%3ACURRENT_COMPANY%2Cvalues%3AList%28%28text%3AAngara.com%2CselectionType%3AINCLUDED%29%29%29%2C%28type%3ASENIORITY_LEVEL%2Cvalues%3AList%28%28id%3A310%2CselectionType%3AINCLUDED%29%2C%28id%3A300%2CselectionType%3AINCLUDED%29%2C%28id%3A220%2CselectionType%3AINCLUDED%29%2C%28id%3A320%2CselectionType%3AINCLUDED%29%29%29%2C%28type%3AFUNCTION%2Cvalues%3AList%28%28id%3A13%2CselectionType%3AINCLUDED%29%2C%28id%3A8%2CselectionType%3AINCLUDED%29%29%29%29%29,https://www.linkedin.com/sales/search/people?query=%28filters%3AList%28%28type%3ACURRENT_COMPANY%2Cvalues%3AList%28%28text%3AAngara.com%2CselectionType%3AINCLUDED%29%29%29%2C%28type%3ASENIORITY_LEVEL%2Cvalues%3AList%28%28id%3A310%2CselectionType%3AINCLUDED%29%2C%28id%3A300%2CselectionType%3AINCLUDED%29%2C%28id%3A220%2CselectionType%3AINCLUDED%29%2C%28id%3A320%2CselectionType%3AINCLUDED%29%29%29%29%29,pending
Existing AWS,102,Aliaxis - ASHIRVAD PIPES PVT. LTD.,Aliaxis - ASHIRVAD PIPES PVT. LTD.,https://www.linkedin.com/sales/search/people?query=%28filters%3AList%28%28type%3ACURRENT_COMPANY%2Cvalues%3AList%28%28text%3AAliaxis%20-%20ASHIRVAD%20PIPES%20PVT.%20LTD.%2CselectionType%3AINCLUDED%29%29%29%2C%28type%3ASENIORITY_LEVEL%2Cvalues%3AList%28%28id%3A310%2CselectionType%3AINCLUDED%29%2C%28id%3A300%2CselectionType%3AINCLUDED%29%2C%28id%3A220%2CselectionType%3AINCLUDED%29%2C%28id%3A320%2CselectionType%3AINCLUDED%29%29%29%2C%28type%3AFUNCTION%2Cvalues%3AList%28%28id%3A13%2CselectionType%3AINCLUDED%29%2C%28id%3A8%2CselectionType%3AINCLUDED%29%29%29%29%29,https://www.linkedin.com/sales/search/people?query=%28filters%3AList%28%28type%3ACURRENT_COMPANY%2Cvalues%3AList%28%28text%3AAliaxis%20-%20ASHIRVAD%20PIPES%20PVT.%20LTD.%2CselectionType%3AINCLUDED%29%29%29%2C%28type%3ASENIORITY_LEVEL%2Cvalues%3AList%28%28id%3A310%2CselectionType%3AINCLUDED%29%2C%28id%3A300%2CselectionType%3AINCLUDED%29%2C%28id%3A220%2CselectionType%3AINCLUDED%29%2C%28id%3A320%2CselectionType%3AINCLUDED%29%29%29%29%29,pending
Existing AWS,103,Applied Research International Pvt. Ltd.,Applied Research International,https://www.linkedin.com/sales/search/people?query=%28filters%3AList%28%28type%3ACURRENT_COMPANY%2Cvalues%3AList%28%28text%3AApplied%20Research%20International%2CselectionType%3AINCLUDED%29%29%29%2C%28type%3ASENIORITY_LEVEL%2Cvalues%3AList%28%28id%3A310%2CselectionType%3AINCLUDED%29%2C%28id%3A300%2CselectionType%3AINCLUDED%29%2C%28id%3A220%2CselectionType%3AINCLUDED%29%2C%28id%3A320%2CselectionType%3AINCLUDED%29%29%29%2C%28type%3AFUNCTION%2Cvalues%3AList%28%28id%3A13%2CselectionType%3AINCLUDED%29%2C%28id%3A8%2CselectionType%3AINCLUDED%29%29%29%29%29,https://www.linkedin.com/sales/search/people?query=%28filters%3AList%28%28type%3ACURRENT_COMPANY%2Cvalues%3AList%28%28text%3AApplied%20Research%20International%2CselectionType%3AINCLUDED%29%29%29%2C%28type%3ASENIORITY_LEVEL%2Cvalues%3AList%28%28id%3A310%2CselectionType%3AINCLUDED%29%2C%28id%3A300%2CselectionType%3AINCLUDED%29%2C%28id%3A220%2CselectionType%3AINCLUDED%29%2C%28id%3A320%2CselectionType%3AINCLUDED%29%29%29%29%29,pending
Existing AWS,104,Inventia Healthcare Pvt. Ltd.,Inventia Healthcare,https://www.linkedin.com/sales/search/people?query=%28filters%3AList%28%28type%3ACURRENT_COMPANY%2Cvalues%3AList%28%28text%3AInventia%20Healthcare%2CselectionType%3AINCLUDED%29%29%29%2C%28type%3ASENIORITY_LEVEL%2Cvalues%3AList%28%28id%3A310%2CselectionType%3AINCLUDED%29%2C%28id%3A300%2CselectionType%3AINCLUDED%29%2C%28id%3A220%2CselectionType%3AINCLUDED%29%2C%28id%3A320%2CselectionType%3AINCLUDED%29%29%29%2C%28type%3AFUNCTION%2Cvalues%3AList%28%28id%3A13%2CselectionType%3AINCLUDED%29%2C%28id%3A8%2CselectionType%3AINCLUDED%29%29%29%29%29,https://www.linkedin.com/sales/search/people?query=%28filters%3AList%28%28type%3ACURRENT_COMPANY%2Cvalues%3AList%28%28text%3AInventia%20Healthcare%2CselectionType%3AINCLUDED%29%29%29%2C%28type%3ASENIORITY_LEVEL%2Cvalues%3AList%28%28id%3A310%2CselectionType%3AINCLUDED%29%2C%28id%3A300%2CselectionType%3AINCLUDED%29%2C%28id%3A220%2CselectionType%3AINCLUDED%29%2C%28id%3A320%2CselectionType%3AINCLUDED%29%29%29%29%29,pending
Existing AWS,105,Hardcastle Restaurants Private Limited,Hardcastle Restaurants,https://www.linkedin.com/sales/search/people?query=%28filters%3AList%28%28type%3ACURRENT_COMPANY%2Cvalues%3AList%28%28text%3AHardcastle%20Restaurants%2CselectionType%3AINCLUDED%29%29%29%2C%28type%3ASENIORITY_LEVEL%2Cvalues%3AList%28%28id%3A310%2CselectionType%3AINCLUDED%29%2C%28id%3A300%2CselectionType%3AINCLUDED%29%2C%28id%3A220%2CselectionType%3AINCLUDED%29%2C%28id%3A320%2CselectionType%3AINCLUDED%29%29%29%2C%28type%3AFUNCTION%2Cvalues%3AList%28%28id%3A13%2CselectionType%3AINCLUDED%29%2C%28id%3A8%2CselectionType%3AINCLUDED%29%29%29%29%29,https://www.linkedin.com/sales/search/people?query=%28filters%3AList%28%28type%3ACURRENT_COMPANY%2Cvalues%3AList%28%28text%3AHardcastle%20Restaurants%2CselectionType%3AINCLUDED%29%29%29%2C%28type%3ASENIORITY_LEVEL%2Cvalues%3AList%28%28id%3A310%2CselectionType%3AINCLUDED%29%2C%28id%3A300%2CselectionType%3AINCLUDED%29%2C%28id%3A220%2CselectionType%3AINCLUDED%29%2C%28id%3A320%2CselectionType%3AINCLUDED%29%29%29%29%29,pending
Existing AWS,106,Torrent Pharmaceuticals Ltd.,Torrent Pharmaceuticals,https://www.linkedin.com/sales/search/people?query=%28filters%3AList%28%28type%3ACURRENT_COMPANY%2Cvalues%3AList%28%28text%3ATorrent%20Pharmaceuticals%2CselectionType%3AINCLUDED%29%29%29%2C%28type%3ASENIORITY_LEVEL%2Cvalues%3AList%28%28id%3A310%2CselectionType%3AINCLUDED%29%2C%28id%3A300%2CselectionType%3AINCLUDED%29%2C%28id%3A220%2CselectionType%3AINCLUDED%29%2C%28id%3A320%2CselectionType%3AINCLUDED%29%29%29%2C%28type%3AFUNCTION%2Cvalues%3AList%28%28id%3A13%2CselectionType%3AINCLUDED%29%2C%28id%3A8%2CselectionType%3AINCLUDED%29%29%29%29%29,https://www.linkedin.com/sales/search/people?query=%28filters%3AList%28%28type%3ACURRENT_COMPANY%2Cvalues%3AList%28%28text%3ATorrent%20Pharmaceuticals%2CselectionType%3AINCLUDED%29%29%29%2C%28type%3ASENIORITY_LEVEL%2Cvalues%3AList%28%28id%3A310%2CselectionType%3AINCLUDED%29%2C%28id%3A300%2CselectionType%3AINCLUDED%29%2C%28id%3A220%2CselectionType%3AINCLUDED%29%2C%28id%3A320%2CselectionType%3AINCLUDED%29%29%29%29%29,pending
Existing AWS,107,Bajaj Electricals Ltd.,Bajaj Electricals,https://www.linkedin.com/sales/search/people?query=%28filters%3AList%28%28type%3ACURRENT_COMPANY%2Cvalues%3AList%28%28text%3ABajaj%20Electricals%2CselectionType%3AINCLUDED%29%29%29%2C%28type%3ASENIORITY_LEVEL%2Cvalues%3AList%28%28id%3A310%2CselectionType%3AINCLUDED%29%2C%28id%3A300%2CselectionType%3AINCLUDED%29%2C%28id%3A220%2CselectionType%3AINCLUDED%29%2C%28id%3A320%2CselectionType%3AINCLUDED%29%29%29%2C%28type%3AFUNCTION%2Cvalues%3AList%28%28id%3A13%2CselectionType%3AINCLUDED%29%2C%28id%3A8%2CselectionType%3AINCLUDED%29%29%29%29%29,https://www.linkedin.com/sales/search/people?query=%28filters%3AList%28%28type%3ACURRENT_COMPANY%2Cvalues%3AList%28%28text%3ABajaj%20Electricals%2CselectionType%3AINCLUDED%29%29%29%2C%28type%3ASENIORITY_LEVEL%2Cvalues%3AList%28%28id%3A310%2CselectionType%3AINCLUDED%29%2C%28id%3A300%2CselectionType%3AINCLUDED%29%2C%28id%3A220%2CselectionType%3AINCLUDED%29%2C%28id%3A320%2CselectionType%3AINCLUDED%29%29%29%29%29,pending
Existing AWS,108,Rain Industries LIMITED,Rain Industries,https://www.linkedin.com/sales/search/people?query=%28filters%3AList%28%28type%3ACURRENT_COMPANY%2Cvalues%3AList%28%28text%3ARain%20Industries%2CselectionType%3AINCLUDED%29%29%29%2C%28type%3ASENIORITY_LEVEL%2Cvalues%3AList%28%28id%3A310%2CselectionType%3AINCLUDED%29%2C%28id%3A300%2CselectionType%3AINCLUDED%29%2C%28id%3A220%2CselectionType%3AINCLUDED%29%2C%28id%3A320%2CselectionType%3AINCLUDED%29%29%29%2C%28type%3AFUNCTION%2Cvalues%3AList%28%28id%3A13%2CselectionType%3AINCLUDED%29%2C%28id%3A8%2CselectionType%3AINCLUDED%29%29%29%29%29,https://www.linkedin.com/sales/search/people?query=%28filters%3AList%28%28type%3ACURRENT_COMPANY%2Cvalues%3AList%28%28text%3ARain%20Industries%2CselectionType%3AINCLUDED%29%29%29%2C%28type%3ASENIORITY_LEVEL%2Cvalues%3AList%28%28id%3A310%2CselectionType%3AINCLUDED%29%2C%28id%3A300%2CselectionType%3AINCLUDED%29%2C%28id%3A220%2CselectionType%3AINCLUDED%29%2C%28id%3A320%2CselectionType%3AINCLUDED%29%29%29%29%29,pending
Existing AWS,109,Dishman Pharmaceuticals and Chemicals Ltd.,Dishman Pharmaceuticals and Chemicals,https://www.linkedin.com/sales/search/people?query=%28filters%3AList%28%28type%3ACURRENT_COMPANY%2Cvalues%3AList%28%28text%3ADishman%20Pharmaceuticals%20and%20Chemicals%2CselectionType%3AINCLUDED%29%29%29%2C%28type%3ASENIORITY_LEVEL%2Cvalues%3AList%28%28id%3A310%2CselectionType%3AINCLUDED%29%2C%28id%3A300%2CselectionType%3AINCLUDED%29%2C%28id%3A220%2CselectionType%3AINCLUDED%29%2C%28id%3A320%2CselectionType%3AINCLUDED%29%29%29%2C%28type%3AFUNCTION%2Cvalues%3AList%28%28id%3A13%2CselectionType%3AINCLUDED%29%2C%28id%3A8%2CselectionType%3AINCLUDED%29%29%29%29%29,https://www.linkedin.com/sales/search/people?query=%28filters%3AList%28%28type%3ACURRENT_COMPANY%2Cvalues%3AList%28%28text%3ADishman%20Pharmaceuticals%20and%20Chemicals%2CselectionType%3AINCLUDED%29%29%29%2C%28type%3ASENIORITY_LEVEL%2Cvalues%3AList%28%28id%3A310%2CselectionType%3AINCLUDED%29%2C%28id%3A300%2CselectionType%3AINCLUDED%29%2C%28id%3A220%2CselectionType%3AINCLUDED%29%2C%28id%3A320%2CselectionType%3AINCLUDED%29%29%29%29%29,pending
Existing AWS,110,Continue Lifesciences Private Limited,Continue Lifesciences,https://www.linkedin.com/sales/search/people?query=%28filters%3AList%28%28type%3ACURRENT_COMPANY%2Cvalues%3AList%28%28text%3AContinue%20Lifesciences%2CselectionType%3AINCLUDED%29%29%29%2C%28type%3ASENIORITY_LEVEL%2Cvalues%3AList%28%28id%3A310%2CselectionType%3AINCLUDED%29%2C%28id%3A300%2CselectionType%3AINCLUDED%29%2C%28id%3A220%2CselectionType%3AINCLUDED%29%2C%28id%3A320%2CselectionType%3AINCLUDED%29%29%29%2C%28type%3AFUNCTION%2Cvalues%3AList%28%28id%3A13%2CselectionType%3AINCLUDED%29%2C%28id%3A8%2CselectionType%3AINCLUDED%29%29%29%29%29,https://www.linkedin.com/sales/search/people?query=%28filters%3AList%28%28type%3ACURRENT_COMPANY%2Cvalues%3AList%28%28text%3AContinue%20Lifesciences%2CselectionType%3AINCLUDED%29%29%29%2C%28type%3ASENIORITY_LEVEL%2Cvalues%3AList%28%28id%3A310%2CselectionType%3AINCLUDED%29%2C%28id%3A300%2CselectionType%3AINCLUDED%29%2C%28id%3A220%2CselectionType%3AINCLUDED%29%2C%28id%3A320%2CselectionType%3AINCLUDED%29%29%29%29%29,pending
Existing AWS,111,Brigade Enterprises Ltd,Brigade Enterprises Ltd,https://www.linkedin.com/sales/search/people?query=%28filters%3AList%28%28type%3ACURRENT_COMPANY%2Cvalues%3AList%28%28text%3ABrigade%20Enterprises%20Ltd%2CselectionType%3AINCLUDED%29%29%29%2C%28type%3ASENIORITY_LEVEL%2Cvalues%3AList%28%28id%3A310%2CselectionType%3AINCLUDED%29%2C%28id%3A300%2CselectionType%3AINCLUDED%29%2C%28id%3A220%2CselectionType%3AINCLUDED%29%2C%28id%3A320%2CselectionType%3AINCLUDED%29%29%29%2C%28type%3AFUNCTION%2Cvalues%3AList%28%28id%3A13%2CselectionType%3AINCLUDED%29%2C%28id%3A8%2CselectionType%3AINCLUDED%29%29%29%29%29,https://www.linkedin.com/sales/search/people?query=%28filters%3AList%28%28type%3ACURRENT_COMPANY%2Cvalues%3AList%28%28text%3ABrigade%20Enterprises%20Ltd%2CselectionType%3AINCLUDED%29%29%29%2C%28type%3ASENIORITY_LEVEL%2Cvalues%3AList%28%28id%3A310%2CselectionType%3AINCLUDED%29%2C%28id%3A300%2CselectionType%3AINCLUDED%29%2C%28id%3A220%2CselectionType%3AINCLUDED%29%2C%28id%3A320%2CselectionType%3AINCLUDED%29%29%29%29%29,pending
Existing AWS,112,Intermiles (Jet Privilege Private Limited),Intermiles,https://www.linkedin.com/sales/search/people?query=%28filters%3AList%28%28type%3ACURRENT_COMPANY%2Cvalues%3AList%28%28text%3AIntermiles%2CselectionType%3AINCLUDED%29%29%29%2C%28type%3ASENIORITY_LEVEL%2Cvalues%3AList%28%28id%3A310%2CselectionType%3AINCLUDED%29%2C%28id%3A300%2CselectionType%3AINCLUDED%29%2C%28id%3A220%2CselectionType%3AINCLUDED%29%2C%28id%3A320%2CselectionType%3AINCLUDED%29%29%29%2C%28type%3AFUNCTION%2Cvalues%3AList%28%28id%3A13%2CselectionType%3AINCLUDED%29%2C%28id%3A8%2CselectionType%3AINCLUDED%29%29%29%29%29,https://www.linkedin.com/sales/search/people?query=%28filters%3AList%28%28type%3ACURRENT_COMPANY%2Cvalues%3AList%28%28text%3AIntermiles%2CselectionType%3AINCLUDED%29%29%29%2C%28type%3ASENIORITY_LEVEL%2Cvalues%3AList%28%28id%3A310%2CselectionType%3AINCLUDED%29%2C%28id%3A300%2CselectionType%3AINCLUDED%29%2C%28id%3A220%2CselectionType%3AINCLUDED%29%2C%28id%3A320%2CselectionType%3AINCLUDED%29%29%29%29%29,pending
Existing AWS,113,Prestige Constructions,Prestige Constructions,https://www.linkedin.com/sales/search/people?query=%28filters%3AList%28%28type%3ACURRENT_COMPANY%2Cvalues%3AList%28%28text%3APrestige%20Constructions%2CselectionType%3AINCLUDED%29%29%29%2C%28type%3ASENIORITY_LEVEL%2Cvalues%3AList%28%28id%3A310%2CselectionType%3AINCLUDED%29%2C%28id%3A300%2CselectionType%3AINCLUDED%29%2C%28id%3A220%2CselectionType%3AINCLUDED%29%2C%28id%3A320%2CselectionType%3AINCLUDED%29%29%29%2C%28type%3AFUNCTION%2Cvalues%3AList%28%28id%3A13%2CselectionType%3AINCLUDED%29%2C%28id%3A8%2CselectionType%3AINCLUDED%29%29%29%29%29,https://www.linkedin.com/sales/search/people?query=%28filters%3AList%28%28type%3ACURRENT_COMPANY%2Cvalues%3AList%28%28text%3APrestige%20Constructions%2CselectionType%3AINCLUDED%29%29%29%2C%28type%3ASENIORITY_LEVEL%2Cvalues%3AList%28%28id%3A310%2CselectionType%3AINCLUDED%29%2C%28id%3A300%2CselectionType%3AINCLUDED%29%2C%28id%3A220%2CselectionType%3AINCLUDED%29%2C%28id%3A320%2CselectionType%3AINCLUDED%29%29%29%29%29,pending
Existing AWS,114,Gmmco Limited,Gmmco Limited,https://www.linkedin.com/sales/search/people?query=%28filters%3AList%28%28type%3ACURRENT_COMPANY%2Cvalues%3AList%28%28text%3AGmmco%20Limited%2CselectionType%3AINCLUDED%29%29%29%2C%28type%3ASENIORITY_LEVEL%2Cvalues%3AList%28%28id%3A310%2CselectionType%3AINCLUDED%29%2C%28id%3A300%2CselectionType%3AINCLUDED%29%2C%28id%3A220%2CselectionType%3AINCLUDED%29%2C%28id%3A320%2CselectionType%3AINCLUDED%29%29%29%2C%28type%3AFUNCTION%2Cvalues%3AList%28%28id%3A13%2CselectionType%3AINCLUDED%29%2C%28id%3A8%2CselectionType%3AINCLUDED%29%29%29%29%29,https://www.linkedin.com/sales/search/people?query=%28filters%3AList%28%28type%3ACURRENT_COMPANY%2Cvalues%3AList%28%28text%3AGmmco%20Limited%2CselectionType%3AINCLUDED%29%29%29%2C%28type%3ASENIORITY_LEVEL%2Cvalues%3AList%28%28id%3A310%2CselectionType%3AINCLUDED%29%2C%28id%3A300%2CselectionType%3AINCLUDED%29%2C%28id%3A220%2CselectionType%3AINCLUDED%29%2C%28id%3A320%2CselectionType%3AINCLUDED%29%29%29%29%29,pending
Existing AWS,115,Panasonic India,Panasonic India,https://www.linkedin.com/sales/search/people?query=%28filters%3AList%28%28type%3ACURRENT_COMPANY%2Cvalues%3AList%28%28text%3APanasonic%20India%2CselectionType%3AINCLUDED%29%29%29%2C%28type%3ASENIORITY_LEVEL%2Cvalues%3AList%28%28id%3A310%2CselectionType%3AINCLUDED%29%2C%28id%3A300%2CselectionType%3AINCLUDED%29%2C%28id%3A220%2CselectionType%3AINCLUDED%29%2C%28id%3A320%2CselectionType%3AINCLUDED%29%29%29%2C%28type%3AFUNCTION%2Cvalues%3AList%28%28id%3A13%2CselectionType%3AINCLUDED%29%2C%28id%3A8%2CselectionType%3AINCLUDED%29%29%29%29%29,https://www.linkedin.com/sales/search/people?query=%28filters%3AList%28%28type%3ACURRENT_COMPANY%2Cvalues%3AList%28%28text%3APanasonic%20India%2CselectionType%3AINCLUDED%29%29%29%2C%28type%3ASENIORITY_LEVEL%2Cvalues%3AList%28%28id%3A310%2CselectionType%3AINCLUDED%29%2C%28id%3A300%2CselectionType%3AINCLUDED%29%2C%28id%3A220%2CselectionType%3AINCLUDED%29%2C%28id%3A320%2CselectionType%3AINCLUDED%29%29%29%29%29,pending
Existing AWS,116,ReNew Power,ReNew Power,https://www.linkedin.com/sales/search/people?query=%28filters%3AList%28%28type%3ACURRENT_COMPANY%2Cvalues%3AList%28%28text%3AReNew%20Power%2CselectionType%3AINCLUDED%29%29%29%2C%28type%3ASENIORITY_LEVEL%2Cvalues%3AList%28%28id%3A310%2CselectionType%3AINCLUDED%29%2C%28id%3A300%2CselectionType%3AINCLUDED%29%2C%28id%3A220%2CselectionType%3AINCLUDED%29%2C%28id%3A320%2CselectionType%3AINCLUDED%29%29%29%2C%28type%3AFUNCTION%2Cvalues%3AList%28%28id%3A13%2CselectionType%3AINCLUDED%29%2C%28id%3A8%2CselectionType%3AINCLUDED%29%29%29%29%29,https://www.linkedin.com/sales/search/people?query=%28filters%3AList%28%28type%3ACURRENT_COMPANY%2Cvalues%3AList%28%28text%3AReNew%20Power%2CselectionType%3AINCLUDED%29%29%29%2C%28type%3ASENIORITY_LEVEL%2Cvalues%3AList%28%28id%3A310%2CselectionType%3AINCLUDED%29%2C%28id%3A300%2CselectionType%3AINCLUDED%29%2C%28id%3A220%2CselectionType%3AINCLUDED%29%2C%28id%3A320%2CselectionType%3AINCLUDED%29%29%29%29%29,pending
Existing AWS,117,Aira Matrix,Aira Matrix,https://www.linkedin.com/sales/search/people?query=%28filters%3AList%28%28type%3ACURRENT_COMPANY%2Cvalues%3AList%28%28text%3AAira%20Matrix%2CselectionType%3AINCLUDED%29%29%29%2C%28type%3ASENIORITY_LEVEL%2Cvalues%3AList%28%28id%3A310%2CselectionType%3AINCLUDED%29%2C%28id%3A300%2CselectionType%3AINCLUDED%29%2C%28id%3A220%2CselectionType%3AINCLUDED%29%2C%28id%3A320%2CselectionType%3AINCLUDED%29%29%29%2C%28type%3AFUNCTION%2Cvalues%3AList%28%28id%3A13%2CselectionType%3AINCLUDED%29%2C%28id%3A8%2CselectionType%3AINCLUDED%29%29%29%29%29,https://www.linkedin.com/sales/search/people?query=%28filters%3AList%28%28type%3ACURRENT_COMPANY%2Cvalues%3AList%28%28text%3AAira%20Matrix%2CselectionType%3AINCLUDED%29%29%29%2C%28type%3ASENIORITY_LEVEL%2Cvalues%3AList%28%28id%3A310%2CselectionType%3AINCLUDED%29%2C%28id%3A300%2CselectionType%3AINCLUDED%29%2C%28id%3A220%2CselectionType%3AINCLUDED%29%2C%28id%3A320%2CselectionType%3AINCLUDED%29%29%29%29%29,pending
Existing AWS,118,Torrent Power Ltd.,Torrent Power,https://www.linkedin.com/sales/search/people?query=%28filters%3AList%28%28type%3ACURRENT_COMPANY%2Cvalues%3AList%28%28text%3ATorrent%20Power%2CselectionType%3AINCLUDED%29%29%29%2C%28type%3ASENIORITY_LEVEL%2Cvalues%3AList%28%28id%3A310%2CselectionType%3AINCLUDED%29%2C%28id%3A300%2CselectionType%3AINCLUDED%29%2C%28id%3A220%2CselectionType%3AINCLUDED%29%2C%28id%3A320%2CselectionType%3AINCLUDED%29%29%29%2C%28type%3AFUNCTION%2Cvalues%3AList%28%28id%3A13%2CselectionType%3AINCLUDED%29%2C%28id%3A8%2CselectionType%3AINCLUDED%29%29%29%29%29,https://www.linkedin.com/sales/search/people?query=%28filters%3AList%28%28type%3ACURRENT_COMPANY%2Cvalues%3AList%28%28text%3ATorrent%20Power%2CselectionType%3AINCLUDED%29%29%29%2C%28type%3ASENIORITY_LEVEL%2Cvalues%3AList%28%28id%3A310%2CselectionType%3AINCLUDED%29%2C%28id%3A300%2CselectionType%3AINCLUDED%29%2C%28id%3A220%2CselectionType%3AINCLUDED%29%2C%28id%3A320%2CselectionType%3AINCLUDED%29%29%29%29%29,pending
Existing AWS,119,ECU Worldwide,ECU Worldwide,https://www.linkedin.com/sales/search/people?query=%28filters%3AList%28%28type%3ACURRENT_COMPANY%2Cvalues%3AList%28%28text%3AECU%20Worldwide%2CselectionType%3AINCLUDED%29%29%29%2C%28type%3ASENIORITY_LEVEL%2Cvalues%3AList%28%28id%3A310%2CselectionType%3AINCLUDED%29%2C%28id%3A300%2CselectionType%3AINCLUDED%29%2C%28id%3A220%2CselectionType%3AINCLUDED%29%2C%28id%3A320%2CselectionType%3AINCLUDED%29%29%29%2C%28type%3AFUNCTION%2Cvalues%3AList%28%28id%3A13%2CselectionType%3AINCLUDED%29%2C%28id%3A8%2CselectionType%3AINCLUDED%29%29%29%29%29,https://www.linkedin.com/sales/search/people?query=%28filters%3AList%28%28type%3ACURRENT_COMPANY%2Cvalues%3AList%28%28text%3AECU%20Worldwide%2CselectionType%3AINCLUDED%29%29%29%2C%28type%3ASENIORITY_LEVEL%2Cvalues%3AList%28%28id%3A310%2CselectionType%3AINCLUDED%29%2C%28id%3A300%2CselectionType%3AINCLUDED%29%2C%28id%3A220%2CselectionType%3AINCLUDED%29%2C%28id%3A320%2CselectionType%3AINCLUDED%29%29%29%29%29,pending
Existing AWS,120,Honasa Consumer Pvt. Ltd,Honasa Consumer Pvt. Ltd,https://www.linkedin.com/sales/search/people?query=%28filters%3AList%28%28type%3ACURRENT_COMPANY%2Cvalues%3AList%28%28text%3AHonasa%20Consumer%20Pvt.%20Ltd%2CselectionType%3AINCLUDED%29%29%29%2C%28type%3ASENIORITY_LEVEL%2Cvalues%3AList%28%28id%3A310%2CselectionType%3AINCLUDED%29%2C%28id%3A300%2CselectionType%3AINCLUDED%29%2C%28id%3A220%2CselectionType%3AINCLUDED%29%2C%28id%3A320%2CselectionType%3AINCLUDED%29%29%29%2C%28type%3AFUNCTION%2Cvalues%3AList%28%28id%3A13%2CselectionType%3AINCLUDED%29%2C%28id%3A8%2CselectionType%3AINCLUDED%29%29%29%29%29,https://www.linkedin.com/sales/search/people?query=%28filters%3AList%28%28type%3ACURRENT_COMPANY%2Cvalues%3AList%28%28text%3AHonasa%20Consumer%20Pvt.%20Ltd%2CselectionType%3AINCLUDED%29%29%29%2C%28type%3ASENIORITY_LEVEL%2Cvalues%3AList%28%28id%3A310%2CselectionType%3AINCLUDED%29%2C%28id%3A300%2CselectionType%3AINCLUDED%29%2C%28id%3A220%2CselectionType%3AINCLUDED%29%2C%28id%3A320%2CselectionType%3AINCLUDED%29%29%29%29%29,pending
Existing AWS,121,SYNGENE INTERNATIONAL LIMITED,SYNGENE INTERNATIONAL,https://www.linkedin.com/sales/search/people?query=%28filters%3AList%28%28type%3ACURRENT_COMPANY%2Cvalues%3AList%28%28text%3ASYNGENE%20INTERNATIONAL%2CselectionType%3AINCLUDED%29%29%29%2C%28type%3ASENIORITY_LEVEL%2Cvalues%3AList%28%28id%3A310%2CselectionType%3AINCLUDED%29%2C%28id%3A300%2CselectionType%3AINCLUDED%29%2C%28id%3A220%2CselectionType%3AINCLUDED%29%2C%28id%3A320%2CselectionType%3AINCLUDED%29%29%29%2C%28type%3AFUNCTION%2Cvalues%3AList%28%28id%3A13%2CselectionType%3AINCLUDED%29%2C%28id%3A8%2CselectionType%3AINCLUDED%29%29%29%29%29,https://www.linkedin.com/sales/search/people?query=%28filters%3AList%28%28type%3ACURRENT_COMPANY%2Cvalues%3AList%28%28text%3ASYNGENE%20INTERNATIONAL%2CselectionType%3AINCLUDED%29%29%29%2C%28type%3ASENIORITY_LEVEL%2Cvalues%3AList%28%28id%3A310%2CselectionType%3AINCLUDED%29%2C%28id%3A300%2CselectionType%3AINCLUDED%29%2C%28id%3A220%2CselectionType%3AINCLUDED%29%2C%28id%3A320%2CselectionType%3AINCLUDED%29%29%29%29%29,pending
Existing AWS,122,"Cadila Healthcare Ltd., Ahmedabad",Cadila Healthcare Ahmedabad,https://www.linkedin.com/sales/search/people?query=%28filters%3AList%28%28type%3ACURRENT_COMPANY%2Cvalues%3AList%28%28text%3ACadila%20Healthcare%20Ahmedabad%2CselectionType%3AINCLUDED%29%29%29%2C%28type%3ASENIORITY_LEVEL%2Cvalues%3AList%28%28id%3A310%2CselectionType%3AINCLUDED%29%2C%28id%3A300%2CselectionType%3AINCLUDED%29%2C%28id%3A220%2CselectionType%3AINCLUDED%29%2C%28id%3A320%2CselectionType%3AINCLUDED%29%29%29%2C%28type%3AFUNCTION%2Cvalues%3AList%28%28id%3A13%2CselectionType%3AINCLUDED%29%2C%28id%3A8%2CselectionType%3AINCLUDED%29%29%29%29%29,https://www.linkedin.com/sales/search/people?query=%28filters%3AList%28%28type%3ACURRENT_COMPANY%2Cvalues%3AList%28%28text%3ACadila%20Healthcare%20Ahmedabad%2CselectionType%3AINCLUDED%29%29%29%2C%28type%3ASENIORITY_LEVEL%2Cvalues%3AList%28%28id%3A310%2CselectionType%3AINCLUDED%29%2C%28id%3A300%2CselectionType%3AINCLUDED%29%2C%28id%3A220%2CselectionType%3AINCLUDED%29%2C%28id%3A320%2CselectionType%3AINCLUDED%29%29%29%29%29,pending
Existing AWS,123,Ceat Tyres Limited,Ceat Tyres Limited,https://www.linkedin.com/sales/search/people?query=%28filters%3AList%28%28type%3ACURRENT_COMPANY%2Cvalues%3AList%28%28text%3ACeat%20Tyres%20Limited%2CselectionType%3AINCLUDED%29%29%29%2C%28type%3ASENIORITY_LEVEL%2Cvalues%3AList%28%28id%3A310%2CselectionType%3AINCLUDED%29%2C%28id%3A300%2CselectionType%3AINCLUDED%29%2C%28id%3A220%2CselectionType%3AINCLUDED%29%2C%28id%3A320%2CselectionType%3AINCLUDED%29%29%29%2C%28type%3AFUNCTION%2Cvalues%3AList%28%28id%3A13%2CselectionType%3AINCLUDED%29%2C%28id%3A8%2CselectionType%3AINCLUDED%29%29%29%29%29,https://www.linkedin.com/sales/search/people?query=%28filters%3AList%28%28type%3ACURRENT_COMPANY%2Cvalues%3AList%28%28text%3ACeat%20Tyres%20Limited%2CselectionType%3AINCLUDED%29%29%29%2C%28type%3ASENIORITY_LEVEL%2Cvalues%3AList%28%28id%3A310%2CselectionType%3AINCLUDED%29%2C%28id%3A300%2CselectionType%3AINCLUDED%29%2C%28id%3A220%2CselectionType%3AINCLUDED%29%2C%28id%3A320%2CselectionType%3AINCLUDED%29%29%29%29%29,pending
Existing AWS,124,Honda Motorcycle and Scooter India,Honda Motorcycle and Scooter India,https://www.linkedin.com/sales/search/people?query=%28filters%3AList%28%28type%3ACURRENT_COMPANY%2Cvalues%3AList%28%28text%3AHonda%20Motorcycle%20and%20Scooter%20India%2CselectionType%3AINCLUDED%29%29%29%2C%28type%3ASENIORITY_LEVEL%2Cvalues%3AList%28%28id%3A310%2CselectionType%3AINCLUDED%29%2C%28id%3A300%2CselectionType%3AINCLUDED%29%2C%28id%3A220%2CselectionType%3AINCLUDED%29%2C%28id%3A320%2CselectionType%3AINCLUDED%29%29%29%2C%28type%3AFUNCTION%2Cvalues%3AList%28%28id%3A13%2CselectionType%3AINCLUDED%29%2C%28id%3A8%2CselectionType%3AINCLUDED%29%29%29%29%29,https://www.linkedin.com/sales/search/people?query=%28filters%3AList%28%28type%3ACURRENT_COMPANY%2Cvalues%3AList%28%28text%3AHonda%20Motorcycle%20and%20Scooter%20India%2CselectionType%3AINCLUDED%29%29%29%2C%28type%3ASENIORITY_LEVEL%2Cvalues%3AList%28%28id%3A310%2CselectionType%3AINCLUDED%29%2C%28id%3A300%2CselectionType%3AINCLUDED%29%2C%28id%3A220%2CselectionType%3AINCLUDED%29%2C%28id%3A320%2CselectionType%3AINCLUDED%29%29%29%29%29,pending
Existing AWS,125,Heritage Foods Ltd.,Heritage Foods,https://www.linkedin.com/sales/search/people?query=%28filters%3AList%28%28type%3ACURRENT_COMPANY%2Cvalues%3AList%28%28text%3AHeritage%20Foods%2CselectionType%3AINCLUDED%29%29%29%2C%28type%3ASENIORITY_LEVEL%2Cvalues%3AList%28%28id%3A310%2CselectionType%3AINCLUDED%29%2C%28id%3A300%2CselectionType%3AINCLUDED%29%2C%28id%3A220%2CselectionType%3AINCLUDED%29%2C%28id%3A320%2CselectionType%3AINCLUDED%29%29%29%2C%28type%3AFUNCTION%2Cvalues%3AList%28%28id%3A13%2CselectionType%3AINCLUDED%29%2C%28id%3A8%2CselectionType%3AINCLUDED%29%29%29%29%29,https://www.linkedin.com/sales/search/people?query=%28filters%3AList%28%28type%3ACURRENT_COMPANY%2Cvalues%3AList%28%28text%3AHeritage%20Foods%2CselectionType%3AINCLUDED%29%29%29%2C%28type%3ASENIORITY_LEVEL%2Cvalues%3AList%28%28id%3A310%2CselectionType%3AINCLUDED%29%2C%28id%3A300%2CselectionType%3AINCLUDED%29%2C%28id%3A220%2CselectionType%3AINCLUDED%29%2C%28id%3A320%2CselectionType%3AINCLUDED%29%29%29%29%29,pending
Existing AWS,126,CK Birla Hospitals,CK Birla Hospitals,https://www.linkedin.com/sales/search/people?query=%28filters%3AList%28%28type%3ACURRENT_COMPANY%2Cvalues%3AList%28%28text%3ACK%20Birla%20Hospitals%2CselectionType%3AINCLUDED%29%29%29%2C%28type%3ASENIORITY_LEVEL%2Cvalues%3AList%28%28id%3A310%2CselectionType%3AINCLUDED%29%2C%28id%3A300%2CselectionType%3AINCLUDED%29%2C%28id%3A220%2CselectionType%3AINCLUDED%29%2C%28id%3A320%2CselectionType%3AINCLUDED%29%29%29%2C%28type%3AFUNCTION%2Cvalues%3AList%28%28id%3A13%2CselectionType%3AINCLUDED%29%2C%28id%3A8%2CselectionType%3AINCLUDED%29%29%29%29%29,https://www.linkedin.com/sales/search/people?query=%28filters%3AList%28%28type%3ACURRENT_COMPANY%2Cvalues%3AList%28%28text%3ACK%20Birla%20Hospitals%2CselectionType%3AINCLUDED%29%29%29%2C%28type%3ASENIORITY_LEVEL%2Cvalues%3AList%28%28id%3A310%2CselectionType%3AINCLUDED%29%2C%28id%3A300%2CselectionType%3AINCLUDED%29%2C%28id%3A220%2CselectionType%3AINCLUDED%29%2C%28id%3A320%2CselectionType%3AINCLUDED%29%29%29%29%29,pending
Prospect,1,Licious (Delightful Gourmet),Licious,https://www.linkedin.com/sales/search/people?query=%28filters%3AList%28%28type%3ACURRENT_COMPANY%2Cvalues%3AList%28%28text%3ALicious%2CselectionType%3AINCLUDED%29%29%29%2C%28type%3ASENIORITY_LEVEL%2Cvalues%3AList%28%28id%3A310%2CselectionType%3AINCLUDED%29%2C%28id%3A300%2CselectionType%3AINCLUDED%29%2C%28id%3A220%2CselectionType%3AINCLUDED%29%2C%28id%3A320%2CselectionType%3AINCLUDED%29%29%29%2C%28type%3AFUNCTION%2Cvalues%3AList%28%28id%3A13%2CselectionType%3AINCLUDED%29%2C%28id%3A8%2CselectionType%3AINCLUDED%29%29%29%29%29,https://www.linkedin.com/sales/search/people?query=%28filters%3AList%28%28type%3ACURRENT_COMPANY%2Cvalues%3AList%28%28text%3ALicious%2CselectionType%3AINCLUDED%29%29%29%2C%28type%3ASENIORITY_LEVEL%2Cvalues%3AList%28%28id%3A310%2CselectionType%3AINCLUDED%29%2C%28id%3A300%2CselectionType%3AINCLUDED%29%2C%28id%3A220%2CselectionType%3AINCLUDED%29%2C%28id%3A320%2CselectionType%3AINCLUDED%29%29%29%29%29,pending
Prospect,2,Country Delight,Country Delight,https://www.linkedin.com/sales/search/people?query=%28filters%3AList%28%28type%3ACURRENT_COMPANY%2Cvalues%3AList%28%28text%3ACountry%20Delight%2CselectionType%3AINCLUDED%29%29%29%2C%28type%3ASENIORITY_LEVEL%2Cvalues%3AList%28%28id%3A310%2CselectionType%3AINCLUDED%29%2C%28id%3A300%2CselectionType%3AINCLUDED%29%2C%28id%3A220%2CselectionType%3AINCLUDED%29%2C%28id%3A320%2CselectionType%3AINCLUDED%29%29%29%2C%28type%3AFUNCTION%2Cvalues%3AList%28%28id%3A13%2CselectionType%3AINCLUDED%29%2C%28id%3A8%2CselectionType%3AINCLUDED%29%29%29%29%29,https://www.linkedin.com/sales/search/people?query=%28filters%3AList%28%28type%3ACURRENT_COMPANY%2Cvalues%3AList%28%28text%3ACountry%20Delight%2CselectionType%3AINCLUDED%29%29%29%2C%28type%3ASENIORITY_LEVEL%2Cvalues%3AList%28%28id%3A310%2CselectionType%3AINCLUDED%29%2C%28id%3A300%2CselectionType%3AINCLUDED%29%2C%28id%3A220%2CselectionType%3AINCLUDED%29%2C%28id%3A320%2CselectionType%3AINCLUDED%29%29%29%29%29,pending
Prospect,3,Truemeds,Truemeds,https://www.linkedin.com/sales/search/people?query=%28filters%3AList%28%28type%3ACURRENT_COMPANY%2Cvalues%3AList%28%28text%3ATruemeds%2CselectionType%3AINCLUDED%29%29%29%2C%28type%3ASENIORITY_LEVEL%2Cvalues%3AList%28%28id%3A310%2CselectionType%3AINCLUDED%29%2C%28id%3A300%2CselectionType%3AINCLUDED%29%2C%28id%3A220%2CselectionType%3AINCLUDED%29%2C%28id%3A320%2CselectionType%3AINCLUDED%29%29%29%2C%28type%3AFUNCTION%2Cvalues%3AList%28%28id%3A13%2CselectionType%3AINCLUDED%29%2C%28id%3A8%2CselectionType%3AINCLUDED%29%29%29%29%29,https://www.linkedin.com/sales/search/people?query=%28filters%3AList%28%28type%3ACURRENT_COMPANY%2Cvalues%3AList%28%28text%3ATruemeds%2CselectionType%3AINCLUDED%29%29%29%2C%28type%3ASENIORITY_LEVEL%2Cvalues%3AList%28%28id%3A310%2CselectionType%3AINCLUDED%29%2C%28id%3A300%2CselectionType%3AINCLUDED%29%2C%28id%3A220%2CselectionType%3AINCLUDED%29%2C%28id%3A320%2CselectionType%3AINCLUDED%29%29%29%29%29,pending
Prospect,4,Treebo Hotels,Treebo Hotels,https://www.linkedin.com/sales/search/people?query=%28filters%3AList%28%28type%3ACURRENT_COMPANY%2Cvalues%3AList%28%28text%3ATreebo%20Hotels%2CselectionType%3AINCLUDED%29%29%29%2C%28type%3ASENIORITY_LEVEL%2Cvalues%3AList%28%28id%3A310%2CselectionType%3AINCLUDED%29%2C%28id%3A300%2CselectionType%3AINCLUDED%29%2C%28id%3A220%2CselectionType%3AINCLUDED%29%2C%28id%3A320%2CselectionType%3AINCLUDED%29%29%29%2C%28type%3AFUNCTION%2Cvalues%3AList%28%28id%3A13%2CselectionType%3AINCLUDED%29%2C%28id%3A8%2CselectionType%3AINCLUDED%29%29%29%29%29,https://www.linkedin.com/sales/search/people?query=%28filters%3AList%28%28type%3ACURRENT_COMPANY%2Cvalues%3AList%28%28text%3ATreebo%20Hotels%2CselectionType%3AINCLUDED%29%29%29%2C%28type%3ASENIORITY_LEVEL%2Cvalues%3AList%28%28id%3A310%2CselectionType%3AINCLUDED%29%2C%28id%3A300%2CselectionType%3AINCLUDED%29%2C%28id%3A220%2CselectionType%3AINCLUDED%29%2C%28id%3A320%2CselectionType%3AINCLUDED%29%29%29%29%29,pending
Prospect,5,Yulu Bikes,Yulu Bikes,https://www.linkedin.com/sales/search/people?query=%28filters%3AList%28%28type%3ACURRENT_COMPANY%2Cvalues%3AList%28%28text%3AYulu%20Bikes%2CselectionType%3AINCLUDED%29%29%29%2C%28type%3ASENIORITY_LEVEL%2Cvalues%3AList%28%28id%3A310%2CselectionType%3AINCLUDED%29%2C%28id%3A300%2CselectionType%3AINCLUDED%29%2C%28id%3A220%2CselectionType%3AINCLUDED%29%2C%28id%3A320%2CselectionType%3AINCLUDED%29%29%29%2C%28type%3AFUNCTION%2Cvalues%3AList%28%28id%3A13%2CselectionType%3AINCLUDED%29%2C%28id%3A8%2CselectionType%3AINCLUDED%29%29%29%29%29,https://www.linkedin.com/sales/search/people?query=%28filters%3AList%28%28type%3ACURRENT_COMPANY%2Cvalues%3AList%28%28text%3AYulu%20Bikes%2CselectionType%3AINCLUDED%29%29%29%2C%28type%3ASENIORITY_LEVEL%2Cvalues%3AList%28%28id%3A310%2CselectionType%3AINCLUDED%29%2C%28id%3A300%2CselectionType%3AINCLUDED%29%2C%28id%3A220%2CselectionType%3AINCLUDED%29%2C%28id%3A320%2CselectionType%3AINCLUDED%29%29%29%29%29,pending
Prospect,6,DealShare,DealShare,https://www.linkedin.com/sales/search/people?query=%28filters%3AList%28%28type%3ACURRENT_COMPANY%2Cvalues%3AList%28%28text%3ADealShare%2CselectionType%3AINCLUDED%29%29%29%2C%28type%3ASENIORITY_LEVEL%2Cvalues%3AList%28%28id%3A310%2CselectionType%3AINCLUDED%29%2C%28id%3A300%2CselectionType%3AINCLUDED%29%2C%28id%3A220%2CselectionType%3AINCLUDED%29%2C%28id%3A320%2CselectionType%3AINCLUDED%29%29%29%2C%28type%3AFUNCTION%2Cvalues%3AList%28%28id%3A13%2CselectionType%3AINCLUDED%29%2C%28id%3A8%2CselectionType%3AINCLUDED%29%29%29%29%29,https://www.linkedin.com/sales/search/people?query=%28filters%3AList%28%28type%3ACURRENT_COMPANY%2Cvalues%3AList%28%28text%3ADealShare%2CselectionType%3AINCLUDED%29%29%29%2C%28type%3ASENIORITY_LEVEL%2Cvalues%3AList%28%28id%3A310%2CselectionType%3AINCLUDED%29%2C%28id%3A300%2CselectionType%3AINCLUDED%29%2C%28id%3A220%2CselectionType%3AINCLUDED%29%2C%28id%3A320%2CselectionType%3AINCLUDED%29%29%29%29%29,pending
Prospect,7,Spencer's Retail,Spencer's Retail,https://www.linkedin.com/sales/search/people?query=%28filters%3AList%28%28type%3ACURRENT_COMPANY%2Cvalues%3AList%28%28text%3ASpencer%27s%20Retail%2CselectionType%3AINCLUDED%29%29%29%2C%28type%3ASENIORITY_LEVEL%2Cvalues%3AList%28%28id%3A310%2CselectionType%3AINCLUDED%29%2C%28id%3A300%2CselectionType%3AINCLUDED%29%2C%28id%3A220%2CselectionType%3AINCLUDED%29%2C%28id%3A320%2CselectionType%3AINCLUDED%29%29%29%2C%28type%3AFUNCTION%2Cvalues%3AList%28%28id%3A13%2CselectionType%3AINCLUDED%29%2C%28id%3A8%2CselectionType%3AINCLUDED%29%29%29%29%29,https://www.linkedin.com/sales/search/people?query=%28filters%3AList%28%28type%3ACURRENT_COMPANY%2Cvalues%3AList%28%28text%3ASpencer%27s%20Retail%2CselectionType%3AINCLUDED%29%29%29%2C%28type%3ASENIORITY_LEVEL%2Cvalues%3AList%28%28id%3A310%2CselectionType%3AINCLUDED%29%2C%28id%3A300%2CselectionType%3AINCLUDED%29%2C%28id%3A220%2CselectionType%3AINCLUDED%29%2C%28id%3A320%2CselectionType%3AINCLUDED%29%29%29%29%29,pending
Prospect,8,Medanta (Global Health),Medanta,https://www.linkedin.com/sales/search/people?query=%28filters%3AList%28%28type%3ACURRENT_COMPANY%2Cvalues%3AList%28%28text%3AMedanta%2CselectionType%3AINCLUDED%29%29%29%2C%28type%3ASENIORITY_LEVEL%2Cvalues%3AList%28%28id%3A310%2CselectionType%3AINCLUDED%29%2C%28id%3A300%2CselectionType%3AINCLUDED%29%2C%28id%3A220%2CselectionType%3AINCLUDED%29%2C%28id%3A320%2CselectionType%3AINCLUDED%29%29%29%2C%28type%3AFUNCTION%2Cvalues%3AList%28%28id%3A13%2CselectionType%3AINCLUDED%29%2C%28id%3A8%2CselectionType%3AINCLUDED%29%29%29%29%29,https://www.linkedin.com/sales/search/people?query=%28filters%3AList%28%28type%3ACURRENT_COMPANY%2Cvalues%3AList%28%28text%3AMedanta%2CselectionType%3AINCLUDED%29%29%29%2C%28type%3ASENIORITY_LEVEL%2Cvalues%3AList%28%28id%3A310%2CselectionType%3AINCLUDED%29%2C%28id%3A300%2CselectionType%3AINCLUDED%29%2C%28id%3A220%2CselectionType%3AINCLUDED%29%2C%28id%3A320%2CselectionType%3AINCLUDED%29%29%29%29%29,pending
Prospect,9,carandbike (Mahindra),carandbike,https://www.linkedin.com/sales/search/people?query=%28filters%3AList%28%28type%3ACURRENT_COMPANY%2Cvalues%3AList%28%28text%3Acarandbike%2CselectionType%3AINCLUDED%29%29%29%2C%28type%3ASENIORITY_LEVEL%2Cvalues%3AList%28%28id%3A310%2CselectionType%3AINCLUDED%29%2C%28id%3A300%2CselectionType%3AINCLUDED%29%2C%28id%3A220%2CselectionType%3AINCLUDED%29%2C%28id%3A320%2CselectionType%3AINCLUDED%29%29%29%2C%28type%3AFUNCTION%2Cvalues%3AList%28%28id%3A13%2CselectionType%3AINCLUDED%29%2C%28id%3A8%2CselectionType%3AINCLUDED%29%29%29%29%29,https://www.linkedin.com/sales/search/people?query=%28filters%3AList%28%28type%3ACURRENT_COMPANY%2Cvalues%3AList%28%28text%3Acarandbike%2CselectionType%3AINCLUDED%29%29%29%2C%28type%3ASENIORITY_LEVEL%2Cvalues%3AList%28%28id%3A310%2CselectionType%3AINCLUDED%29%2C%28id%3A300%2CselectionType%3AINCLUDED%29%2C%28id%3A220%2CselectionType%3AINCLUDED%29%2C%28id%3A320%2CselectionType%3AINCLUDED%29%29%29%29%29,pending
Prospect,10,The Souled Store,The Souled Store,https://www.linkedin.com/sales/search/people?query=%28filters%3AList%28%28type%3ACURRENT_COMPANY%2Cvalues%3AList%28%28text%3AThe%20Souled%20Store%2CselectionType%3AINCLUDED%29%29%29%2C%28type%3ASENIORITY_LEVEL%2Cvalues%3AList%28%28id%3A310%2CselectionType%3AINCLUDED%29%2C%28id%3A300%2CselectionType%3AINCLUDED%29%2C%28id%3A220%2CselectionType%3AINCLUDED%29%2C%28id%3A320%2CselectionType%3AINCLUDED%29%29%29%2C%28type%3AFUNCTION%2Cvalues%3AList%28%28id%3A13%2CselectionType%3AINCLUDED%29%2C%28id%3A8%2CselectionType%3AINCLUDED%29%29%29%29%29,https://www.linkedin.com/sales/search/people?query=%28filters%3AList%28%28type%3ACURRENT_COMPANY%2Cvalues%3AList%28%28text%3AThe%20Souled%20Store%2CselectionType%3AINCLUDED%29%29%29%2C%28type%3ASENIORITY_LEVEL%2Cvalues%3AList%28%28id%3A310%2CselectionType%3AINCLUDED%29%2C%28id%3A300%2CselectionType%3AINCLUDED%29%2C%28id%3A220%2CselectionType%3AINCLUDED%29%2C%28id%3A320%2CselectionType%3AINCLUDED%29%29%29%29%29,pending
Prospect,11,Quick Ride,Quick Ride,https://www.linkedin.com/sales/search/people?query=%28filters%3AList%28%28type%3ACURRENT_COMPANY%2Cvalues%3AList%28%28text%3AQuick%20Ride%2CselectionType%3AINCLUDED%29%29%29%2C%28type%3ASENIORITY_LEVEL%2Cvalues%3AList%28%28id%3A310%2CselectionType%3AINCLUDED%29%2C%28id%3A300%2CselectionType%3AINCLUDED%29%2C%28id%3A220%2CselectionType%3AINCLUDED%29%2C%28id%3A320%2CselectionType%3AINCLUDED%29%29%29%2C%28type%3AFUNCTION%2Cvalues%3AList%28%28id%3A13%2CselectionType%3AINCLUDED%29%2C%28id%3A8%2CselectionType%3AINCLUDED%29%29%29%29%29,https://www.linkedin.com/sales/search/people?query=%28filters%3AList%28%28type%3ACURRENT_COMPANY%2Cvalues%3AList%28%28text%3AQuick%20Ride%2CselectionType%3AINCLUDED%29%29%29%2C%28type%3ASENIORITY_LEVEL%2Cvalues%3AList%28%28id%3A310%2CselectionType%3AINCLUDED%29%2C%28id%3A300%2CselectionType%3AINCLUDED%29%2C%28id%3A220%2CselectionType%3AINCLUDED%29%2C%28id%3A320%2CselectionType%3AINCLUDED%29%29%29%29%29,pending
Prospect,12,OfBusiness,OfBusiness,https://www.linkedin.com/sales/search/people?query=%28filters%3AList%28%28type%3ACURRENT_COMPANY%2Cvalues%3AList%28%28text%3AOfBusiness%2CselectionType%3AINCLUDED%29%29%29%2C%28type%3ASENIORITY_LEVEL%2Cvalues%3AList%28%28id%3A310%2CselectionType%3AINCLUDED%29%2C%28id%3A300%2CselectionType%3AINCLUDED%29%2C%28id%3A220%2CselectionType%3AINCLUDED%29%2C%28id%3A320%2CselectionType%3AINCLUDED%29%29%29%2C%28type%3AFUNCTION%2Cvalues%3AList%28%28id%3A13%2CselectionType%3AINCLUDED%29%2C%28id%3A8%2CselectionType%3AINCLUDED%29%29%29%29%29,https://www.linkedin.com/sales/search/people?query=%28filters%3AList%28%28type%3ACURRENT_COMPANY%2Cvalues%3AList%28%28text%3AOfBusiness%2CselectionType%3AINCLUDED%29%29%29%2C%28type%3ASENIORITY_LEVEL%2Cvalues%3AList%28%28id%3A310%2CselectionType%3AINCLUDED%29%2C%28id%3A300%2CselectionType%3AINCLUDED%29%2C%28id%3A220%2CselectionType%3AINCLUDED%29%2C%28id%3A320%2CselectionType%3AINCLUDED%29%29%29%29%29,pending
Prospect,13,Dr Lal PathLabs,Dr Lal PathLabs,https://www.linkedin.com/sales/search/people?query=%28filters%3AList%28%28type%3ACURRENT_COMPANY%2Cvalues%3AList%28%28text%3ADr%20Lal%20PathLabs%2CselectionType%3AINCLUDED%29%29%29%2C%28type%3ASENIORITY_LEVEL%2Cvalues%3AList%28%28id%3A310%2CselectionType%3AINCLUDED%29%2C%28id%3A300%2CselectionType%3AINCLUDED%29%2C%28id%3A220%2CselectionType%3AINCLUDED%29%2C%28id%3A320%2CselectionType%3AINCLUDED%29%29%29%2C%28type%3AFUNCTION%2Cvalues%3AList%28%28id%3A13%2CselectionType%3AINCLUDED%29%2C%28id%3A8%2CselectionType%3AINCLUDED%29%29%29%29%29,https://www.linkedin.com/sales/search/people?query=%28filters%3AList%28%28type%3ACURRENT_COMPANY%2Cvalues%3AList%28%28text%3ADr%20Lal%20PathLabs%2CselectionType%3AINCLUDED%29%29%29%2C%28type%3ASENIORITY_LEVEL%2Cvalues%3AList%28%28id%3A310%2CselectionType%3AINCLUDED%29%2C%28id%3A300%2CselectionType%3AINCLUDED%29%2C%28id%3A220%2CselectionType%3AINCLUDED%29%2C%28id%3A320%2CselectionType%3AINCLUDED%29%29%29%29%29,pending
Prospect,14,Orange Health Labs,Orange Health Labs,https://www.linkedin.com/sales/search/people?query=%28filters%3AList%28%28type%3ACURRENT_COMPANY%2Cvalues%3AList%28%28text%3AOrange%20Health%20Labs%2CselectionType%3AINCLUDED%29%29%29%2C%28type%3ASENIORITY_LEVEL%2Cvalues%3AList%28%28id%3A310%2CselectionType%3AINCLUDED%29%2C%28id%3A300%2CselectionType%3AINCLUDED%29%2C%28id%3A220%2CselectionType%3AINCLUDED%29%2C%28id%3A320%2CselectionType%3AINCLUDED%29%29%29%2C%28type%3AFUNCTION%2Cvalues%3AList%28%28id%3A13%2CselectionType%3AINCLUDED%29%2C%28id%3A8%2CselectionType%3AINCLUDED%29%29%29%29%29,https://www.linkedin.com/sales/search/people?query=%28filters%3AList%28%28type%3ACURRENT_COMPANY%2Cvalues%3AList%28%28text%3AOrange%20Health%20Labs%2CselectionType%3AINCLUDED%29%29%29%2C%28type%3ASENIORITY_LEVEL%2Cvalues%3AList%28%28id%3A310%2CselectionType%3AINCLUDED%29%2C%28id%3A300%2CselectionType%3AINCLUDED%29%2C%28id%3A220%2CselectionType%3AINCLUDED%29%2C%28id%3A320%2CselectionType%3AINCLUDED%29%29%29%29%29,pending
Prospect,15,Medikabazaar,Medikabazaar,https://www.linkedin.com/sales/search/people?query=%28filters%3AList%28%28type%3ACURRENT_COMPANY%2Cvalues%3AList%28%28text%3AMedikabazaar%2CselectionType%3AINCLUDED%29%29%29%2C%28type%3ASENIORITY_LEVEL%2Cvalues%3AList%28%28id%3A310%2CselectionType%3AINCLUDED%29%2C%28id%3A300%2CselectionType%3AINCLUDED%29%2C%28id%3A220%2CselectionType%3AINCLUDED%29%2C%28id%3A320%2CselectionType%3AINCLUDED%29%29%29%2C%28type%3AFUNCTION%2Cvalues%3AList%28%28id%3A13%2CselectionType%3AINCLUDED%29%2C%28id%3A8%2CselectionType%3AINCLUDED%29%29%29%29%29,https://www.linkedin.com/sales/search/people?query=%28filters%3AList%28%28type%3ACURRENT_COMPANY%2Cvalues%3AList%28%28text%3AMedikabazaar%2CselectionType%3AINCLUDED%29%29%29%2C%28type%3ASENIORITY_LEVEL%2Cvalues%3AList%28%28id%3A310%2CselectionType%3AINCLUDED%29%2C%28id%3A300%2CselectionType%3AINCLUDED%29%2C%28id%3A220%2CselectionType%3AINCLUDED%29%2C%28id%3A320%2CselectionType%3AINCLUDED%29%29%29%29%29,pending
Prospect,16,Woodland (Aero Club),Woodland,https://www.linkedin.com/sales/search/people?query=%28filters%3AList%28%28type%3ACURRENT_COMPANY%2Cvalues%3AList%28%28text%3AWoodland%2CselectionType%3AINCLUDED%29%29%29%2C%28type%3ASENIORITY_LEVEL%2Cvalues%3AList%28%28id%3A310%2CselectionType%3AINCLUDED%29%2C%28id%3A300%2CselectionType%3AINCLUDED%29%2C%28id%3A220%2CselectionType%3AINCLUDED%29%2C%28id%3A320%2CselectionType%3AINCLUDED%29%29%29%2C%28type%3AFUNCTION%2Cvalues%3AList%28%28id%3A13%2CselectionType%3AINCLUDED%29%2C%28id%3A8%2CselectionType%3AINCLUDED%29%29%29%29%29,https://www.linkedin.com/sales/search/people?query=%28filters%3AList%28%28type%3ACURRENT_COMPANY%2Cvalues%3AList%28%28text%3AWoodland%2CselectionType%3AINCLUDED%29%29%29%2C%28type%3ASENIORITY_LEVEL%2Cvalues%3AList%28%28id%3A310%2CselectionType%3AINCLUDED%29%2C%28id%3A300%2CselectionType%3AINCLUDED%29%2C%28id%3A220%2CselectionType%3AINCLUDED%29%2C%28id%3A320%2CselectionType%3AINCLUDED%29%29%29%29%29,pending
Prospect,17,FarMart,FarMart,https://www.linkedin.com/sales/search/people?query=%28filters%3AList%28%28type%3ACURRENT_COMPANY%2Cvalues%3AList%28%28text%3AFarMart%2CselectionType%3AINCLUDED%29%29%29%2C%28type%3ASENIORITY_LEVEL%2Cvalues%3AList%28%28id%3A310%2CselectionType%3AINCLUDED%29%2C%28id%3A300%2CselectionType%3AINCLUDED%29%2C%28id%3A220%2CselectionType%3AINCLUDED%29%2C%28id%3A320%2CselectionType%3AINCLUDED%29%29%29%2C%28type%3AFUNCTION%2Cvalues%3AList%28%28id%3A13%2CselectionType%3AINCLUDED%29%2C%28id%3A8%2CselectionType%3AINCLUDED%29%29%29%29%29,https://www.linkedin.com/sales/search/people?query=%28filters%3AList%28%28type%3ACURRENT_COMPANY%2Cvalues%3AList%28%28text%3AFarMart%2CselectionType%3AINCLUDED%29%29%29%2C%28type%3ASENIORITY_LEVEL%2Cvalues%3AList%28%28id%3A310%2CselectionType%3AINCLUDED%29%2C%28id%3A300%2CselectionType%3AINCLUDED%29%2C%28id%3A220%2CselectionType%3AINCLUDED%29%2C%28id%3A320%2CselectionType%3AINCLUDED%29%29%29%29%29,pending
Prospect,18,Nature's Basket,Nature's Basket,https://www.linkedin.com/sales/search/people?query=%28filters%3AList%28%28type%3ACURRENT_COMPANY%2Cvalues%3AList%28%28text%3ANature%27s%20Basket%2CselectionType%3AINCLUDED%29%29%29%2C%28type%3ASENIORITY_LEVEL%2Cvalues%3AList%28%28id%3A310%2CselectionType%3AINCLUDED%29%2C%28id%3A300%2CselectionType%3AINCLUDED%29%2C%28id%3A220%2CselectionType%3AINCLUDED%29%2C%28id%3A320%2CselectionType%3AINCLUDED%29%29%29%2C%28type%3AFUNCTION%2Cvalues%3AList%28%28id%3A13%2CselectionType%3AINCLUDED%29%2C%28id%3A8%2CselectionType%3AINCLUDED%29%29%29%29%29,https://www.linkedin.com/sales/search/people?query=%28filters%3AList%28%28type%3ACURRENT_COMPANY%2Cvalues%3AList%28%28text%3ANature%27s%20Basket%2CselectionType%3AINCLUDED%29%29%29%2C%28type%3ASENIORITY_LEVEL%2Cvalues%3AList%28%28id%3A310%2CselectionType%3AINCLUDED%29%2C%28id%3A300%2CselectionType%3AINCLUDED%29%2C%28id%3A220%2CselectionType%3AINCLUDED%29%2C%28id%3A320%2CselectionType%3AINCLUDED%29%29%29%29%29,pending
Prospect,19,Hopscotch,Hopscotch,https://www.linkedin.com/sales/search/people?query=%28filters%3AList%28%28type%3ACURRENT_COMPANY%2Cvalues%3AList%28%28text%3AHopscotch%2CselectionType%3AINCLUDED%29%29%29%2C%28type%3ASENIORITY_LEVEL%2Cvalues%3AList%28%28id%3A310%2CselectionType%3AINCLUDED%29%2C%28id%3A300%2CselectionType%3AINCLUDED%29%2C%28id%3A220%2CselectionType%3AINCLUDED%29%2C%28id%3A320%2CselectionType%3AINCLUDED%29%29%29%2C%28type%3AFUNCTION%2Cvalues%3AList%28%28id%3A13%2CselectionType%3AINCLUDED%29%2C%28id%3A8%2CselectionType%3AINCLUDED%29%29%29%29%29,https://www.linkedin.com/sales/search/people?query=%28filters%3AList%28%28type%3ACURRENT_COMPANY%2Cvalues%3AList%28%28text%3AHopscotch%2CselectionType%3AINCLUDED%29%29%29%2C%28type%3ASENIORITY_LEVEL%2Cvalues%3AList%28%28id%3A310%2CselectionType%3AINCLUDED%29%2C%28id%3A300%2CselectionType%3AINCLUDED%29%2C%28id%3A220%2CselectionType%3AINCLUDED%29%2C%28id%3A320%2CselectionType%3AINCLUDED%29%29%29%29%29,pending
Prospect,20,Orient Electric,Orient Electric,https://www.linkedin.com/sales/search/people?query=%28filters%3AList%28%28type%3ACURRENT_COMPANY%2Cvalues%3AList%28%28text%3AOrient%20Electric%2CselectionType%3AINCLUDED%29%29%29%2C%28type%3ASENIORITY_LEVEL%2Cvalues%3AList%28%28id%3A310%2CselectionType%3AINCLUDED%29%2C%28id%3A300%2CselectionType%3AINCLUDED%29%2C%28id%3A220%2CselectionType%3AINCLUDED%29%2C%28id%3A320%2CselectionType%3AINCLUDED%29%29%29%2C%28type%3AFUNCTION%2Cvalues%3AList%28%28id%3A13%2CselectionType%3AINCLUDED%29%2C%28id%3A8%2CselectionType%3AINCLUDED%29%29%29%29%29,https://www.linkedin.com/sales/search/people?query=%28filters%3AList%28%28type%3ACURRENT_COMPANY%2Cvalues%3AList%28%28text%3AOrient%20Electric%2CselectionType%3AINCLUDED%29%29%29%2C%28type%3ASENIORITY_LEVEL%2Cvalues%3AList%28%28id%3A310%2CselectionType%3AINCLUDED%29%2C%28id%3A300%2CselectionType%3AINCLUDED%29%2C%28id%3A220%2CselectionType%3AINCLUDED%29%2C%28id%3A320%2CselectionType%3AINCLUDED%29%29%29%29%29,pending
Prospect,21,BOX8 (Eatsure),BOX8,https://www.linkedin.com/sales/search/people?query=%28filters%3AList%28%28type%3ACURRENT_COMPANY%2Cvalues%3AList%28%28text%3ABOX8%2CselectionType%3AINCLUDED%29%29%29%2C%28type%3ASENIORITY_LEVEL%2Cvalues%3AList%28%28id%3A310%2CselectionType%3AINCLUDED%29%2C%28id%3A300%2CselectionType%3AINCLUDED%29%2C%28id%3A220%2CselectionType%3AINCLUDED%29%2C%28id%3A320%2CselectionType%3AINCLUDED%29%29%29%2C%28type%3AFUNCTION%2Cvalues%3AList%28%28id%3A13%2CselectionType%3AINCLUDED%29%2C%28id%3A8%2CselectionType%3AINCLUDED%29%29%29%29%29,https://www.linkedin.com/sales/search/people?query=%28filters%3AList%28%28type%3ACURRENT_COMPANY%2Cvalues%3AList%28%28text%3ABOX8%2CselectionType%3AINCLUDED%29%29%29%2C%28type%3ASENIORITY_LEVEL%2Cvalues%3AList%28%28id%3A310%2CselectionType%3AINCLUDED%29%2C%28id%3A300%2CselectionType%3AINCLUDED%29%2C%28id%3A220%2CselectionType%3AINCLUDED%29%2C%28id%3A320%2CselectionType%3AINCLUDED%29%29%29%29%29,pending
Prospect,22,Shipsy,Shipsy,https://www.linkedin.com/sales/search/people?query=%28filters%3AList%28%28type%3ACURRENT_COMPANY%2Cvalues%3AList%28%28text%3AShipsy%2CselectionType%3AINCLUDED%29%29%29%2C%28type%3ASENIORITY_LEVEL%2Cvalues%3AList%28%28id%3A310%2CselectionType%3AINCLUDED%29%2C%28id%3A300%2CselectionType%3AINCLUDED%29%2C%28id%3A220%2CselectionType%3AINCLUDED%29%2C%28id%3A320%2CselectionType%3AINCLUDED%29%29%29%2C%28type%3AFUNCTION%2Cvalues%3AList%28%28id%3A13%2CselectionType%3AINCLUDED%29%2C%28id%3A8%2CselectionType%3AINCLUDED%29%29%29%29%29,https://www.linkedin.com/sales/search/people?query=%28filters%3AList%28%28type%3ACURRENT_COMPANY%2Cvalues%3AList%28%28text%3AShipsy%2CselectionType%3AINCLUDED%29%29%29%2C%28type%3ASENIORITY_LEVEL%2Cvalues%3AList%28%28id%3A310%2CselectionType%3AINCLUDED%29%2C%28id%3A300%2CselectionType%3AINCLUDED%29%2C%28id%3A220%2CselectionType%3AINCLUDED%29%2C%28id%3A320%2CselectionType%3AINCLUDED%29%29%29%29%29,pending
Prospect,23,Locus,Locus,https://www.linkedin.com/sales/search/people?query=%28filters%3AList%28%28type%3ACURRENT_COMPANY%2Cvalues%3AList%28%28text%3ALocus%2CselectionType%3AINCLUDED%29%29%29%2C%28type%3ASENIORITY_LEVEL%2Cvalues%3AList%28%28id%3A310%2CselectionType%3AINCLUDED%29%2C%28id%3A300%2CselectionType%3AINCLUDED%29%2C%28id%3A220%2CselectionType%3AINCLUDED%29%2C%28id%3A320%2CselectionType%3AINCLUDED%29%29%29%2C%28type%3AFUNCTION%2Cvalues%3AList%28%28id%3A13%2CselectionType%3AINCLUDED%29%2C%28id%3A8%2CselectionType%3AINCLUDED%29%29%29%29%29,https://www.linkedin.com/sales/search/people?query=%28filters%3AList%28%28type%3ACURRENT_COMPANY%2Cvalues%3AList%28%28text%3ALocus%2CselectionType%3AINCLUDED%29%29%29%2C%28type%3ASENIORITY_LEVEL%2Cvalues%3AList%28%28id%3A310%2CselectionType%3AINCLUDED%29%2C%28id%3A300%2CselectionType%3AINCLUDED%29%2C%28id%3A220%2CselectionType%3AINCLUDED%29%2C%28id%3A320%2CselectionType%3AINCLUDED%29%29%29%29%29,pending
Prospect,24,Moglix,Moglix,https://www.linkedin.com/sales/search/people?query=%28filters%3AList%28%28type%3ACURRENT_COMPANY%2Cvalues%3AList%28%28text%3AMoglix%2CselectionType%3AINCLUDED%29%29%29%2C%28type%3ASENIORITY_LEVEL%2Cvalues%3AList%28%28id%3A310%2CselectionType%3AINCLUDED%29%2C%28id%3A300%2CselectionType%3AINCLUDED%29%2C%28id%3A220%2CselectionType%3AINCLUDED%29%2C%28id%3A320%2CselectionType%3AINCLUDED%29%29%29%2C%28type%3AFUNCTION%2Cvalues%3AList%28%28id%3A13%2CselectionType%3AINCLUDED%29%2C%28id%3A8%2CselectionType%3AINCLUDED%29%29%29%29%29,https://www.linkedin.com/sales/search/people?query=%28filters%3AList%28%28type%3ACURRENT_COMPANY%2Cvalues%3AList%28%28text%3AMoglix%2CselectionType%3AINCLUDED%29%29%29%2C%28type%3ASENIORITY_LEVEL%2Cvalues%3AList%28%28id%3A310%2CselectionType%3AINCLUDED%29%2C%28id%3A300%2CselectionType%3AINCLUDED%29%2C%28id%3A220%2CselectionType%3AINCLUDED%29%2C%28id%3A320%2CselectionType%3AINCLUDED%29%29%29%29%29,pending
Prospect,25,Metropolis Healthcare,Metropolis Healthcare,https://www.linkedin.com/sales/search/people?query=%28filters%3AList%28%28type%3ACURRENT_COMPANY%2Cvalues%3AList%28%28text%3AMetropolis%20Healthcare%2CselectionType%3AINCLUDED%29%29%29%2C%28type%3ASENIORITY_LEVEL%2Cvalues%3AList%28%28id%3A310%2CselectionType%3AINCLUDED%29%2C%28id%3A300%2CselectionType%3AINCLUDED%29%2C%28id%3A220%2CselectionType%3AINCLUDED%29%2C%28id%3A320%2CselectionType%3AINCLUDED%29%29%29%2C%28type%3AFUNCTION%2Cvalues%3AList%28%28id%3A13%2CselectionType%3AINCLUDED%29%2C%28id%3A8%2CselectionType%3AINCLUDED%29%29%29%29%29,https://www.linkedin.com/sales/search/people?query=%28filters%3AList%28%28type%3ACURRENT_COMPANY%2Cvalues%3AList%28%28text%3AMetropolis%20Healthcare%2CselectionType%3AINCLUDED%29%29%29%2C%28type%3ASENIORITY_LEVEL%2Cvalues%3AList%28%28id%3A310%2CselectionType%3AINCLUDED%29%2C%28id%3A300%2CselectionType%3AINCLUDED%29%2C%28id%3A220%2CselectionType%3AINCLUDED%29%2C%28id%3A320%2CselectionType%3AINCLUDED%29%29%29%29%29,pending
Prospect,26,AgroStar,AgroStar,https://www.linkedin.com/sales/search/people?query=%28filters%3AList%28%28type%3ACURRENT_COMPANY%2Cvalues%3AList%28%28text%3AAgroStar%2CselectionType%3AINCLUDED%29%29%29%2C%28type%3ASENIORITY_LEVEL%2Cvalues%3AList%28%28id%3A310%2CselectionType%3AINCLUDED%29%2C%28id%3A300%2CselectionType%3AINCLUDED%29%2C%28id%3A220%2CselectionType%3AINCLUDED%29%2C%28id%3A320%2CselectionType%3AINCLUDED%29%29%29%2C%28type%3AFUNCTION%2Cvalues%3AList%28%28id%3A13%2CselectionType%3AINCLUDED%29%2C%28id%3A8%2CselectionType%3AINCLUDED%29%29%29%29%29,https://www.linkedin.com/sales/search/people?query=%28filters%3AList%28%28type%3ACURRENT_COMPANY%2Cvalues%3AList%28%28text%3AAgroStar%2CselectionType%3AINCLUDED%29%29%29%2C%28type%3ASENIORITY_LEVEL%2Cvalues%3AList%28%28id%3A310%2CselectionType%3AINCLUDED%29%2C%28id%3A300%2CselectionType%3AINCLUDED%29%2C%28id%3A220%2CselectionType%3AINCLUDED%29%2C%28id%3A320%2CselectionType%3AINCLUDED%29%29%29%29%29,pending
Prospect,27,Akshayakalpa Organic,Akshayakalpa Organic,https://www.linkedin.com/sales/search/people?query=%28filters%3AList%28%28type%3ACURRENT_COMPANY%2Cvalues%3AList%28%28text%3AAkshayakalpa%20Organic%2CselectionType%3AINCLUDED%29%29%29%2C%28type%3ASENIORITY_LEVEL%2Cvalues%3AList%28%28id%3A310%2CselectionType%3AINCLUDED%29%2C%28id%3A300%2CselectionType%3AINCLUDED%29%2C%28id%3A220%2CselectionType%3AINCLUDED%29%2C%28id%3A320%2CselectionType%3AINCLUDED%29%29%29%2C%28type%3AFUNCTION%2Cvalues%3AList%28%28id%3A13%2CselectionType%3AINCLUDED%29%2C%28id%3A8%2CselectionType%3AINCLUDED%29%29%29%29%29,https://www.linkedin.com/sales/search/people?query=%28filters%3AList%28%28type%3ACURRENT_COMPANY%2Cvalues%3AList%28%28text%3AAkshayakalpa%20Organic%2CselectionType%3AINCLUDED%29%29%29%2C%28type%3ASENIORITY_LEVEL%2Cvalues%3AList%28%28id%3A310%2CselectionType%3AINCLUDED%29%2C%28id%3A300%2CselectionType%3AINCLUDED%29%2C%28id%3A220%2CselectionType%3AINCLUDED%29%2C%28id%3A320%2CselectionType%3AINCLUDED%29%29%29%29%29,pending
Prospect,28,CaratLane,CaratLane,https://www.linkedin.com/sales/search/people?query=%28filters%3AList%28%28type%3ACURRENT_COMPANY%2Cvalues%3AList%28%28text%3ACaratLane%2CselectionType%3AINCLUDED%29%29%29%2C%28type%3ASENIORITY_LEVEL%2Cvalues%3AList%28%28id%3A310%2CselectionType%3AINCLUDED%29%2C%28id%3A300%2CselectionType%3AINCLUDED%29%2C%28id%3A220%2CselectionType%3AINCLUDED%29%2C%28id%3A320%2CselectionType%3AINCLUDED%29%29%29%2C%28type%3AFUNCTION%2Cvalues%3AList%28%28id%3A13%2CselectionType%3AINCLUDED%29%2C%28id%3A8%2CselectionType%3AINCLUDED%29%29%29%29%29,https://www.linkedin.com/sales/search/people?query=%28filters%3AList%28%28type%3ACURRENT_COMPANY%2Cvalues%3AList%28%28text%3ACaratLane%2CselectionType%3AINCLUDED%29%29%29%2C%28type%3ASENIORITY_LEVEL%2Cvalues%3AList%28%28id%3A310%2CselectionType%3AINCLUDED%29%2C%28id%3A300%2CselectionType%3AINCLUDED%29%2C%28id%3A220%2CselectionType%3AINCLUDED%29%2C%28id%3A320%2CselectionType%3AINCLUDED%29%29%29%29%29,pending
Prospect,29,Foxtale,Foxtale,https://www.linkedin.com/sales/search/people?query=%28filters%3AList%28%28type%3ACURRENT_COMPANY%2Cvalues%3AList%28%28text%3AFoxtale%2CselectionType%3AINCLUDED%29%29%29%2C%28type%3ASENIORITY_LEVEL%2Cvalues%3AList%28%28id%3A310%2CselectionType%3AINCLUDED%29%2C%28id%3A300%2CselectionType%3AINCLUDED%29%2C%28id%3A220%2CselectionType%3AINCLUDED%29%2C%28id%3A320%2CselectionType%3AINCLUDED%29%29%29%2C%28type%3AFUNCTION%2Cvalues%3AList%28%28id%3A13%2CselectionType%3AINCLUDED%29%2C%28id%3A8%2CselectionType%3AINCLUDED%29%29%29%29%29,https://www.linkedin.com/sales/search/people?query=%28filters%3AList%28%28type%3ACURRENT_COMPANY%2Cvalues%3AList%28%28text%3AFoxtale%2CselectionType%3AINCLUDED%29%29%29%2C%28type%3ASENIORITY_LEVEL%2Cvalues%3AList%28%28id%3A310%2CselectionType%3AINCLUDED%29%2C%28id%3A300%2CselectionType%3AINCLUDED%29%2C%28id%3A220%2CselectionType%3AINCLUDED%29%2C%28id%3A320%2CselectionType%3AINCLUDED%29%29%29%29%29,pending
Prospect,30,CityMall,CityMall,https://www.linkedin.com/sales/search/people?query=%28filters%3AList%28%28type%3ACURRENT_COMPANY%2Cvalues%3AList%28%28text%3ACityMall%2CselectionType%3AINCLUDED%29%29%29%2C%28type%3ASENIORITY_LEVEL%2Cvalues%3AList%28%28id%3A310%2CselectionType%3AINCLUDED%29%2C%28id%3A300%2CselectionType%3AINCLUDED%29%2C%28id%3A220%2CselectionType%3AINCLUDED%29%2C%28id%3A320%2CselectionType%3AINCLUDED%29%29%29%2C%28type%3AFUNCTION%2Cvalues%3AList%28%28id%3A13%2CselectionType%3AINCLUDED%29%2C%28id%3A8%2CselectionType%3AINCLUDED%29%29%29%29%29,https://www.linkedin.com/sales/search/people?query=%28filters%3AList%28%28type%3ACURRENT_COMPANY%2Cvalues%3AList%28%28text%3ACityMall%2CselectionType%3AINCLUDED%29%29%29%2C%28type%3ASENIORITY_LEVEL%2Cvalues%3AList%28%28id%3A310%2CselectionType%3AINCLUDED%29%2C%28id%3A300%2CselectionType%3AINCLUDED%29%2C%28id%3A220%2CselectionType%3AINCLUDED%29%2C%28id%3A320%2CselectionType%3AINCLUDED%29%29%29%29%29,pending
Prospect,31,Vegrow,Vegrow,https://www.linkedin.com/sales/search/people?query=%28filters%3AList%28%28type%3ACURRENT_COMPANY%2Cvalues%3AList%28%28text%3AVegrow%2CselectionType%3AINCLUDED%29%29%29%2C%28type%3ASENIORITY_LEVEL%2Cvalues%3AList%28%28id%3A310%2CselectionType%3AINCLUDED%29%2C%28id%3A300%2CselectionType%3AINCLUDED%29%2C%28id%3A220%2CselectionType%3AINCLUDED%29%2C%28id%3A320%2CselectionType%3AINCLUDED%29%29%29%2C%28type%3AFUNCTION%2Cvalues%3AList%28%28id%3A13%2CselectionType%3AINCLUDED%29%2C%28id%3A8%2CselectionType%3AINCLUDED%29%29%29%29%29,https://www.linkedin.com/sales/search/people?query=%28filters%3AList%28%28type%3ACURRENT_COMPANY%2Cvalues%3AList%28%28text%3AVegrow%2CselectionType%3AINCLUDED%29%29%29%2C%28type%3ASENIORITY_LEVEL%2Cvalues%3AList%28%28id%3A310%2CselectionType%3AINCLUDED%29%2C%28id%3A300%2CselectionType%3AINCLUDED%29%2C%28id%3A220%2CselectionType%3AINCLUDED%29%2C%28id%3A320%2CselectionType%3AINCLUDED%29%29%29%29%29,pending
Prospect,32,Shree Maruti Courier,Shree Maruti Courier,https://www.linkedin.com/sales/search/people?query=%28filters%3AList%28%28type%3ACURRENT_COMPANY%2Cvalues%3AList%28%28text%3AShree%20Maruti%20Courier%2CselectionType%3AINCLUDED%29%29%29%2C%28type%3ASENIORITY_LEVEL%2Cvalues%3AList%28%28id%3A310%2CselectionType%3AINCLUDED%29%2C%28id%3A300%2CselectionType%3AINCLUDED%29%2C%28id%3A220%2CselectionType%3AINCLUDED%29%2C%28id%3A320%2CselectionType%3AINCLUDED%29%29%29%2C%28type%3AFUNCTION%2Cvalues%3AList%28%28id%3A13%2CselectionType%3AINCLUDED%29%2C%28id%3A8%2CselectionType%3AINCLUDED%29%29%29%29%29,https://www.linkedin.com/sales/search/people?query=%28filters%3AList%28%28type%3ACURRENT_COMPANY%2Cvalues%3AList%28%28text%3AShree%20Maruti%20Courier%2CselectionType%3AINCLUDED%29%29%29%2C%28type%3ASENIORITY_LEVEL%2Cvalues%3AList%28%28id%3A310%2CselectionType%3AINCLUDED%29%2C%28id%3A300%2CselectionType%3AINCLUDED%29%2C%28id%3A220%2CselectionType%3AINCLUDED%29%2C%28id%3A320%2CselectionType%3AINCLUDED%29%29%29%29%29,pending
Prospect,33,Pickyourtrail,Pickyourtrail,https://www.linkedin.com/sales/search/people?query=%28filters%3AList%28%28type%3ACURRENT_COMPANY%2Cvalues%3AList%28%28text%3APickyourtrail%2CselectionType%3AINCLUDED%29%29%29%2C%28type%3ASENIORITY_LEVEL%2Cvalues%3AList%28%28id%3A310%2CselectionType%3AINCLUDED%29%2C%28id%3A300%2CselectionType%3AINCLUDED%29%2C%28id%3A220%2CselectionType%3AINCLUDED%29%2C%28id%3A320%2CselectionType%3AINCLUDED%29%29%29%2C%28type%3AFUNCTION%2Cvalues%3AList%28%28id%3A13%2CselectionType%3AINCLUDED%29%2C%28id%3A8%2CselectionType%3AINCLUDED%29%29%29%29%29,https://www.linkedin.com/sales/search/people?query=%28filters%3AList%28%28type%3ACURRENT_COMPANY%2Cvalues%3AList%28%28text%3APickyourtrail%2CselectionType%3AINCLUDED%29%29%29%2C%28type%3ASENIORITY_LEVEL%2Cvalues%3AList%28%28id%3A310%2CselectionType%3AINCLUDED%29%2C%28id%3A300%2CselectionType%3AINCLUDED%29%2C%28id%3A220%2CselectionType%3AINCLUDED%29%2C%28id%3A320%2CselectionType%3AINCLUDED%29%29%29%29%29,pending
Prospect,34,Urban Ladder,Urban Ladder,https://www.linkedin.com/sales/search/people?query=%28filters%3AList%28%28type%3ACURRENT_COMPANY%2Cvalues%3AList%28%28text%3AUrban%20Ladder%2CselectionType%3AINCLUDED%29%29%29%2C%28type%3ASENIORITY_LEVEL%2Cvalues%3AList%28%28id%3A310%2CselectionType%3AINCLUDED%29%2C%28id%3A300%2CselectionType%3AINCLUDED%29%2C%28id%3A220%2CselectionType%3AINCLUDED%29%2C%28id%3A320%2CselectionType%3AINCLUDED%29%29%29%2C%28type%3AFUNCTION%2Cvalues%3AList%28%28id%3A13%2CselectionType%3AINCLUDED%29%2C%28id%3A8%2CselectionType%3AINCLUDED%29%29%29%29%29,https://www.linkedin.com/sales/search/people?query=%28filters%3AList%28%28type%3ACURRENT_COMPANY%2Cvalues%3AList%28%28text%3AUrban%20Ladder%2CselectionType%3AINCLUDED%29%29%29%2C%28type%3ASENIORITY_LEVEL%2Cvalues%3AList%28%28id%3A310%2CselectionType%3AINCLUDED%29%2C%28id%3A300%2CselectionType%3AINCLUDED%29%2C%28id%3A220%2CselectionType%3AINCLUDED%29%2C%28id%3A320%2CselectionType%3AINCLUDED%29%29%29%29%29,pending
Prospect,35,BlueStone,BlueStone,https://www.linkedin.com/sales/search/people?query=%28filters%3AList%28%28type%3ACURRENT_COMPANY%2Cvalues%3AList%28%28text%3ABlueStone%2CselectionType%3AINCLUDED%29%29%29%2C%28type%3ASENIORITY_LEVEL%2Cvalues%3AList%28%28id%3A310%2CselectionType%3AINCLUDED%29%2C%28id%3A300%2CselectionType%3AINCLUDED%29%2C%28id%3A220%2CselectionType%3AINCLUDED%29%2C%28id%3A320%2CselectionType%3AINCLUDED%29%29%29%2C%28type%3AFUNCTION%2Cvalues%3AList%28%28id%3A13%2CselectionType%3AINCLUDED%29%2C%28id%3A8%2CselectionType%3AINCLUDED%29%29%29%29%29,https://www.linkedin.com/sales/search/people?query=%28filters%3AList%28%28type%3ACURRENT_COMPANY%2Cvalues%3AList%28%28text%3ABlueStone%2CselectionType%3AINCLUDED%29%29%29%2C%28type%3ASENIORITY_LEVEL%2Cvalues%3AList%28%28id%3A310%2CselectionType%3AINCLUDED%29%2C%28id%3A300%2CselectionType%3AINCLUDED%29%2C%28id%3A220%2CselectionType%3AINCLUDED%29%2C%28id%3A320%2CselectionType%3AINCLUDED%29%29%29%29%29,pending
Prospect,36,Zivame,Zivame,https://www.linkedin.com/sales/search/people?query=%28filters%3AList%28%28type%3ACURRENT_COMPANY%2Cvalues%3AList%28%28text%3AZivame%2CselectionType%3AINCLUDED%29%29%29%2C%28type%3ASENIORITY_LEVEL%2Cvalues%3AList%28%28id%3A310%2CselectionType%3AINCLUDED%29%2C%28id%3A300%2CselectionType%3AINCLUDED%29%2C%28id%3A220%2CselectionType%3AINCLUDED%29%2C%28id%3A320%2CselectionType%3AINCLUDED%29%29%29%2C%28type%3AFUNCTION%2Cvalues%3AList%28%28id%3A13%2CselectionType%3AINCLUDED%29%2C%28id%3A8%2CselectionType%3AINCLUDED%29%29%29%29%29,https://www.linkedin.com/sales/search/people?query=%28filters%3AList%28%28type%3ACURRENT_COMPANY%2Cvalues%3AList%28%28text%3AZivame%2CselectionType%3AINCLUDED%29%29%29%2C%28type%3ASENIORITY_LEVEL%2Cvalues%3AList%28%28id%3A310%2CselectionType%3AINCLUDED%29%2C%28id%3A300%2CselectionType%3AINCLUDED%29%2C%28id%3A220%2CselectionType%3AINCLUDED%29%2C%28id%3A320%2CselectionType%3AINCLUDED%29%29%29%29%29,pending
Prospect,37,Clovia,Clovia,https://www.linkedin.com/sales/search/people?query=%28filters%3AList%28%28type%3ACURRENT_COMPANY%2Cvalues%3AList%28%28text%3AClovia%2CselectionType%3AINCLUDED%29%29%29%2C%28type%3ASENIORITY_LEVEL%2Cvalues%3AList%28%28id%3A310%2CselectionType%3AINCLUDED%29%2C%28id%3A300%2CselectionType%3AINCLUDED%29%2C%28id%3A220%2CselectionType%3AINCLUDED%29%2C%28id%3A320%2CselectionType%3AINCLUDED%29%29%29%2C%28type%3AFUNCTION%2Cvalues%3AList%28%28id%3A13%2CselectionType%3AINCLUDED%29%2C%28id%3A8%2CselectionType%3AINCLUDED%29%29%29%29%29,https://www.linkedin.com/sales/search/people?query=%28filters%3AList%28%28type%3ACURRENT_COMPANY%2Cvalues%3AList%28%28text%3AClovia%2CselectionType%3AINCLUDED%29%29%29%2C%28type%3ASENIORITY_LEVEL%2Cvalues%3AList%28%28id%3A310%2CselectionType%3AINCLUDED%29%2C%28id%3A300%2CselectionType%3AINCLUDED%29%2C%28id%3A220%2CselectionType%3AINCLUDED%29%2C%28id%3A320%2CselectionType%3AINCLUDED%29%29%29%29%29,pending
Prospect,38,Noise,Noise,https://www.linkedin.com/sales/search/people?query=%28filters%3AList%28%28type%3ACURRENT_COMPANY%2Cvalues%3AList%28%28text%3ANoise%2CselectionType%3AINCLUDED%29%29%29%2C%28type%3ASENIORITY_LEVEL%2Cvalues%3AList%28%28id%3A310%2CselectionType%3AINCLUDED%29%2C%28id%3A300%2CselectionType%3AINCLUDED%29%2C%28id%3A220%2CselectionType%3AINCLUDED%29%2C%28id%3A320%2CselectionType%3AINCLUDED%29%29%29%2C%28type%3AFUNCTION%2Cvalues%3AList%28%28id%3A13%2CselectionType%3AINCLUDED%29%2C%28id%3A8%2CselectionType%3AINCLUDED%29%29%29%29%29,https://www.linkedin.com/sales/search/people?query=%28filters%3AList%28%28type%3ACURRENT_COMPANY%2Cvalues%3AList%28%28text%3ANoise%2CselectionType%3AINCLUDED%29%29%29%2C%28type%3ASENIORITY_LEVEL%2Cvalues%3AList%28%28id%3A310%2CselectionType%3AINCLUDED%29%2C%28id%3A300%2CselectionType%3AINCLUDED%29%2C%28id%3A220%2CselectionType%3AINCLUDED%29%2C%28id%3A320%2CselectionType%3AINCLUDED%29%29%29%29%29,pending
Prospect,39,Chai Point,Chai Point,https://www.linkedin.com/sales/search/people?query=%28filters%3AList%28%28type%3ACURRENT_COMPANY%2Cvalues%3AList%28%28text%3AChai%20Point%2CselectionType%3AINCLUDED%29%29%29%2C%28type%3ASENIORITY_LEVEL%2Cvalues%3AList%28%28id%3A310%2CselectionType%3AINCLUDED%29%2C%28id%3A300%2CselectionType%3AINCLUDED%29%2C%28id%3A220%2CselectionType%3AINCLUDED%29%2C%28id%3A320%2CselectionType%3AINCLUDED%29%29%29%2C%28type%3AFUNCTION%2Cvalues%3AList%28%28id%3A13%2CselectionType%3AINCLUDED%29%2C%28id%3A8%2CselectionType%3AINCLUDED%29%29%29%29%29,https://www.linkedin.com/sales/search/people?query=%28filters%3AList%28%28type%3ACURRENT_COMPANY%2Cvalues%3AList%28%28text%3AChai%20Point%2CselectionType%3AINCLUDED%29%29%29%2C%28type%3ASENIORITY_LEVEL%2Cvalues%3AList%28%28id%3A310%2CselectionType%3AINCLUDED%29%2C%28id%3A300%2CselectionType%3AINCLUDED%29%2C%28id%3A220%2CselectionType%3AINCLUDED%29%2C%28id%3A320%2CselectionType%3AINCLUDED%29%29%29%29%29,pending
Prospect,40,BlackBuck (Zinka Logistics),BlackBuck,https://www.linkedin.com/sales/search/people?query=%28filters%3AList%28%28type%3ACURRENT_COMPANY%2Cvalues%3AList%28%28text%3ABlackBuck%2CselectionType%3AINCLUDED%29%29%29%2C%28type%3ASENIORITY_LEVEL%2Cvalues%3AList%28%28id%3A310%2CselectionType%3AINCLUDED%29%2C%28id%3A300%2CselectionType%3AINCLUDED%29%2C%28id%3A220%2CselectionType%3AINCLUDED%29%2C%28id%3A320%2CselectionType%3AINCLUDED%29%29%29%2C%28type%3AFUNCTION%2Cvalues%3AList%28%28id%3A13%2CselectionType%3AINCLUDED%29%2C%28id%3A8%2CselectionType%3AINCLUDED%29%29%29%29%29,https://www.linkedin.com/sales/search/people?query=%28filters%3AList%28%28type%3ACURRENT_COMPANY%2Cvalues%3AList%28%28text%3ABlackBuck%2CselectionType%3AINCLUDED%29%29%29%2C%28type%3ASENIORITY_LEVEL%2Cvalues%3AList%28%28id%3A310%2CselectionType%3AINCLUDED%29%2C%28id%3A300%2CselectionType%3AINCLUDED%29%2C%28id%3A220%2CselectionType%3AINCLUDED%29%2C%28id%3A320%2CselectionType%3AINCLUDED%29%29%29%29%29,pending
Prospect,41,Veena World,Veena World,https://www.linkedin.com/sales/search/people?query=%28filters%3AList%28%28type%3ACURRENT_COMPANY%2Cvalues%3AList%28%28text%3AVeena%20World%2CselectionType%3AINCLUDED%29%29%29%2C%28type%3ASENIORITY_LEVEL%2Cvalues%3AList%28%28id%3A310%2CselectionType%3AINCLUDED%29%2C%28id%3A300%2CselectionType%3AINCLUDED%29%2C%28id%3A220%2CselectionType%3AINCLUDED%29%2C%28id%3A320%2CselectionType%3AINCLUDED%29%29%29%2C%28type%3AFUNCTION%2Cvalues%3AList%28%28id%3A13%2CselectionType%3AINCLUDED%29%2C%28id%3A8%2CselectionType%3AINCLUDED%29%29%29%29%29,https://www.linkedin.com/sales/search/people?query=%28filters%3AList%28%28type%3ACURRENT_COMPANY%2Cvalues%3AList%28%28text%3AVeena%20World%2CselectionType%3AINCLUDED%29%29%29%2C%28type%3ASENIORITY_LEVEL%2Cvalues%3AList%28%28id%3A310%2CselectionType%3AINCLUDED%29%2C%28id%3A300%2CselectionType%3AINCLUDED%29%2C%28id%3A220%2CselectionType%3AINCLUDED%29%2C%28id%3A320%2CselectionType%3AINCLUDED%29%29%29%29%29,pending
Prospect,42,Zostel,Zostel,https://www.linkedin.com/sales/search/people?query=%28filters%3AList%28%28type%3ACURRENT_COMPANY%2Cvalues%3AList%28%28text%3AZostel%2CselectionType%3AINCLUDED%29%29%29%2C%28type%3ASENIORITY_LEVEL%2Cvalues%3AList%28%28id%3A310%2CselectionType%3AINCLUDED%29%2C%28id%3A300%2CselectionType%3AINCLUDED%29%2C%28id%3A220%2CselectionType%3AINCLUDED%29%2C%28id%3A320%2CselectionType%3AINCLUDED%29%29%29%2C%28type%3AFUNCTION%2Cvalues%3AList%28%28id%3A13%2CselectionType%3AINCLUDED%29%2C%28id%3A8%2CselectionType%3AINCLUDED%29%29%29%29%29,https://www.linkedin.com/sales/search/people?query=%28filters%3AList%28%28type%3ACURRENT_COMPANY%2Cvalues%3AList%28%28text%3AZostel%2CselectionType%3AINCLUDED%29%29%29%2C%28type%3ASENIORITY_LEVEL%2Cvalues%3AList%28%28id%3A310%2CselectionType%3AINCLUDED%29%2C%28id%3A300%2CselectionType%3AINCLUDED%29%2C%28id%3A220%2CselectionType%3AINCLUDED%29%2C%28id%3A320%2CselectionType%3AINCLUDED%29%29%29%29%29,pending
Prospect,43,Revv,Revv,https://www.linkedin.com/sales/search/people?query=%28filters%3AList%28%28type%3ACURRENT_COMPANY%2Cvalues%3AList%28%28text%3ARevv%2CselectionType%3AINCLUDED%29%29%29%2C%28type%3ASENIORITY_LEVEL%2Cvalues%3AList%28%28id%3A310%2CselectionType%3AINCLUDED%29%2C%28id%3A300%2CselectionType%3AINCLUDED%29%2C%28id%3A220%2CselectionType%3AINCLUDED%29%2C%28id%3A320%2CselectionType%3AINCLUDED%29%29%29%2C%28type%3AFUNCTION%2Cvalues%3AList%28%28id%3A13%2CselectionType%3AINCLUDED%29%2C%28id%3A8%2CselectionType%3AINCLUDED%29%29%29%29%29,https://www.linkedin.com/sales/search/people?query=%28filters%3AList%28%28type%3ACURRENT_COMPANY%2Cvalues%3AList%28%28text%3ARevv%2CselectionType%3AINCLUDED%29%29%29%2C%28type%3ASENIORITY_LEVEL%2Cvalues%3AList%28%28id%3A310%2CselectionType%3AINCLUDED%29%2C%28id%3A300%2CselectionType%3AINCLUDED%29%2C%28id%3A220%2CselectionType%3AINCLUDED%29%2C%28id%3A320%2CselectionType%3AINCLUDED%29%29%29%29%29,pending
Prospect,44,Cogoport,Cogoport,https://www.linkedin.com/sales/search/people?query=%28filters%3AList%28%28type%3ACURRENT_COMPANY%2Cvalues%3AList%28%28text%3ACogoport%2CselectionType%3AINCLUDED%29%29%29%2C%28type%3ASENIORITY_LEVEL%2Cvalues%3AList%28%28id%3A310%2CselectionType%3AINCLUDED%29%2C%28id%3A300%2CselectionType%3AINCLUDED%29%2C%28id%3A220%2CselectionType%3AINCLUDED%29%2C%28id%3A320%2CselectionType%3AINCLUDED%29%29%29%2C%28type%3AFUNCTION%2Cvalues%3AList%28%28id%3A13%2CselectionType%3AINCLUDED%29%2C%28id%3A8%2CselectionType%3AINCLUDED%29%29%29%29%29,https://www.linkedin.com/sales/search/people?query=%28filters%3AList%28%28type%3ACURRENT_COMPANY%2Cvalues%3AList%28%28text%3ACogoport%2CselectionType%3AINCLUDED%29%29%29%2C%28type%3ASENIORITY_LEVEL%2Cvalues%3AList%28%28id%3A310%2CselectionType%3AINCLUDED%29%2C%28id%3A300%2CselectionType%3AINCLUDED%29%2C%28id%3A220%2CselectionType%3AINCLUDED%29%2C%28id%3A320%2CselectionType%3AINCLUDED%29%29%29%29%29,pending
Prospect,45,Zetwerk,Zetwerk,https://www.linkedin.com/sales/search/people?query=%28filters%3AList%28%28type%3ACURRENT_COMPANY%2Cvalues%3AList%28%28text%3AZetwerk%2CselectionType%3AINCLUDED%29%29%29%2C%28type%3ASENIORITY_LEVEL%2Cvalues%3AList%28%28id%3A310%2CselectionType%3AINCLUDED%29%2C%28id%3A300%2CselectionType%3AINCLUDED%29%2C%28id%3A220%2CselectionType%3AINCLUDED%29%2C%28id%3A320%2CselectionType%3AINCLUDED%29%29%29%2C%28type%3AFUNCTION%2Cvalues%3AList%28%28id%3A13%2CselectionType%3AINCLUDED%29%2C%28id%3A8%2CselectionType%3AINCLUDED%29%29%29%29%29,https://www.linkedin.com/sales/search/people?query=%28filters%3AList%28%28type%3ACURRENT_COMPANY%2Cvalues%3AList%28%28text%3AZetwerk%2CselectionType%3AINCLUDED%29%29%29%2C%28type%3ASENIORITY_LEVEL%2Cvalues%3AList%28%28id%3A310%2CselectionType%3AINCLUDED%29%2C%28id%3A300%2CselectionType%3AINCLUDED%29%2C%28id%3A220%2CselectionType%3AINCLUDED%29%2C%28id%3A320%2CselectionType%3AINCLUDED%29%29%29%29%29,pending
Prospect,46,Bizongo,Bizongo,https://www.linkedin.com/sales/search/people?query=%28filters%3AList%28%28type%3ACURRENT_COMPANY%2Cvalues%3AList%28%28text%3ABizongo%2CselectionType%3AINCLUDED%29%29%29%2C%28type%3ASENIORITY_LEVEL%2Cvalues%3AList%28%28id%3A310%2CselectionType%3AINCLUDED%29%2C%28id%3A300%2CselectionType%3AINCLUDED%29%2C%28id%3A220%2CselectionType%3AINCLUDED%29%2C%28id%3A320%2CselectionType%3AINCLUDED%29%29%29%2C%28type%3AFUNCTION%2Cvalues%3AList%28%28id%3A13%2CselectionType%3AINCLUDED%29%2C%28id%3A8%2CselectionType%3AINCLUDED%29%29%29%29%29,https://www.linkedin.com/sales/search/people?query=%28filters%3AList%28%28type%3ACURRENT_COMPANY%2Cvalues%3AList%28%28text%3ABizongo%2CselectionType%3AINCLUDED%29%29%29%2C%28type%3ASENIORITY_LEVEL%2Cvalues%3AList%28%28id%3A310%2CselectionType%3AINCLUDED%29%2C%28id%3A300%2CselectionType%3AINCLUDED%29%2C%28id%3A220%2CselectionType%3AINCLUDED%29%2C%28id%3A320%2CselectionType%3AINCLUDED%29%29%29%29%29,pending
Prospect,47,Pristyn Care,Pristyn Care,https://www.linkedin.com/sales/search/people?query=%28filters%3AList%28%28type%3ACURRENT_COMPANY%2Cvalues%3AList%28%28text%3APristyn%20Care%2CselectionType%3AINCLUDED%29%29%29%2C%28type%3ASENIORITY_LEVEL%2Cvalues%3AList%28%28id%3A310%2CselectionType%3AINCLUDED%29%2C%28id%3A300%2CselectionType%3AINCLUDED%29%2C%28id%3A220%2CselectionType%3AINCLUDED%29%2C%28id%3A320%2CselectionType%3AINCLUDED%29%29%29%2C%28type%3AFUNCTION%2Cvalues%3AList%28%28id%3A13%2CselectionType%3AINCLUDED%29%2C%28id%3A8%2CselectionType%3AINCLUDED%29%29%29%29%29,https://www.linkedin.com/sales/search/people?query=%28filters%3AList%28%28type%3ACURRENT_COMPANY%2Cvalues%3AList%28%28text%3APristyn%20Care%2CselectionType%3AINCLUDED%29%29%29%2C%28type%3ASENIORITY_LEVEL%2Cvalues%3AList%28%28id%3A310%2CselectionType%3AINCLUDED%29%2C%28id%3A300%2CselectionType%3AINCLUDED%29%2C%28id%3A220%2CselectionType%3AINCLUDED%29%2C%28id%3A320%2CselectionType%3AINCLUDED%29%29%29%29%29,pending
Prospect,48,Vijay Sales,Vijay Sales,https://www.linkedin.com/sales/search/people?query=%28filters%3AList%28%28type%3ACURRENT_COMPANY%2Cvalues%3AList%28%28text%3AVijay%20Sales%2CselectionType%3AINCLUDED%29%29%29%2C%28type%3ASENIORITY_LEVEL%2Cvalues%3AList%28%28id%3A310%2CselectionType%3AINCLUDED%29%2C%28id%3A300%2CselectionType%3AINCLUDED%29%2C%28id%3A220%2CselectionType%3AINCLUDED%29%2C%28id%3A320%2CselectionType%3AINCLUDED%29%29%29%2C%28type%3AFUNCTION%2Cvalues%3AList%28%28id%3A13%2CselectionType%3AINCLUDED%29%2C%28id%3A8%2CselectionType%3AINCLUDED%29%29%29%29%29,https://www.linkedin.com/sales/search/people?query=%28filters%3AList%28%28type%3ACURRENT_COMPANY%2Cvalues%3AList%28%28text%3AVijay%20Sales%2CselectionType%3AINCLUDED%29%29%29%2C%28type%3ASENIORITY_LEVEL%2Cvalues%3AList%28%28id%3A310%2CselectionType%3AINCLUDED%29%2C%28id%3A300%2CselectionType%3AINCLUDED%29%2C%28id%3A220%2CselectionType%3AINCLUDED%29%2C%28id%3A320%2CselectionType%3AINCLUDED%29%29%29%29%29,pending
Prospect,49,Voylla,Voylla,https://www.linkedin.com/sales/search/people?query=%28filters%3AList%28%28type%3ACURRENT_COMPANY%2Cvalues%3AList%28%28text%3AVoylla%2CselectionType%3AINCLUDED%29%29%29%2C%28type%3ASENIORITY_LEVEL%2Cvalues%3AList%28%28id%3A310%2CselectionType%3AINCLUDED%29%2C%28id%3A300%2CselectionType%3AINCLUDED%29%2C%28id%3A220%2CselectionType%3AINCLUDED%29%2C%28id%3A320%2CselectionType%3AINCLUDED%29%29%29%2C%28type%3AFUNCTION%2Cvalues%3AList%28%28id%3A13%2CselectionType%3AINCLUDED%29%2C%28id%3A8%2CselectionType%3AINCLUDED%29%29%29%29%29,https://www.linkedin.com/sales/search/people?query=%28filters%3AList%28%28type%3ACURRENT_COMPANY%2Cvalues%3AList%28%28text%3AVoylla%2CselectionType%3AINCLUDED%29%29%29%2C%28type%3ASENIORITY_LEVEL%2Cvalues%3AList%28%28id%3A310%2CselectionType%3AINCLUDED%29%2C%28id%3A300%2CselectionType%3AINCLUDED%29%2C%28id%3A220%2CselectionType%3AINCLUDED%29%2C%28id%3A320%2CselectionType%3AINCLUDED%29%29%29%29%29,pending
Prospect,50,Blue Tokai Coffee,Blue Tokai Coffee,https://www.linkedin.com/sales/search/people?query=%28filters%3AList%28%28type%3ACURRENT_COMPANY%2Cvalues%3AList%28%28text%3ABlue%20Tokai%20Coffee%2CselectionType%3AINCLUDED%29%29%29%2C%28type%3ASENIORITY_LEVEL%2Cvalues%3AList%28%28id%3A310%2CselectionType%3AINCLUDED%29%2C%28id%3A300%2CselectionType%3AINCLUDED%29%2C%28id%3A220%2CselectionType%3AINCLUDED%29%2C%28id%3A320%2CselectionType%3AINCLUDED%29%29%29%2C%28type%3AFUNCTION%2Cvalues%3AList%28%28id%3A13%2CselectionType%3AINCLUDED%29%2C%28id%3A8%2CselectionType%3AINCLUDED%29%29%29%29%29,https://www.linkedin.com/sales/search/people?query=%28filters%3AList%28%28type%3ACURRENT_COMPANY%2Cvalues%3AList%28%28text%3ABlue%20Tokai%20Coffee%2CselectionType%3AINCLUDED%29%29%29%2C%28type%3ASENIORITY_LEVEL%2Cvalues%3AList%28%28id%3A310%2CselectionType%3AINCLUDED%29%2C%28id%3A300%2CselectionType%3AINCLUDED%29%2C%28id%3A220%2CselectionType%3AINCLUDED%29%2C%28id%3A320%2CselectionType%3AINCLUDED%29%29%29%29%29,pending
Prospect,51,HealthifyMe,HealthifyMe,https://www.linkedin.com/sales/search/people?query=%28filters%3AList%28%28type%3ACURRENT_COMPANY%2Cvalues%3AList%28%28text%3AHealthifyMe%2CselectionType%3AINCLUDED%29%29%29%2C%28type%3ASENIORITY_LEVEL%2Cvalues%3AList%28%28id%3A310%2CselectionType%3AINCLUDED%29%2C%28id%3A300%2CselectionType%3AINCLUDED%29%2C%28id%3A220%2CselectionType%3AINCLUDED%29%2C%28id%3A320%2CselectionType%3AINCLUDED%29%29%29%2C%28type%3AFUNCTION%2Cvalues%3AList%28%28id%3A13%2CselectionType%3AINCLUDED%29%2C%28id%3A8%2CselectionType%3AINCLUDED%29%29%29%29%29,https://www.linkedin.com/sales/search/people?query=%28filters%3AList%28%28type%3ACURRENT_COMPANY%2Cvalues%3AList%28%28text%3AHealthifyMe%2CselectionType%3AINCLUDED%29%29%29%2C%28type%3ASENIORITY_LEVEL%2Cvalues%3AList%28%28id%3A310%2CselectionType%3AINCLUDED%29%2C%28id%3A300%2CselectionType%3AINCLUDED%29%2C%28id%3A220%2CselectionType%3AINCLUDED%29%2C%28id%3A320%2CselectionType%3AINCLUDED%29%29%29%29%29,pending
Prospect,52,Fitterfly,Fitterfly,https://www.linkedin.com/sales/search/people?query=%28filters%3AList%28%28type%3ACURRENT_COMPANY%2Cvalues%3AList%28%28text%3AFitterfly%2CselectionType%3AINCLUDED%29%29%29%2C%28type%3ASENIORITY_LEVEL%2Cvalues%3AList%28%28id%3A310%2CselectionType%3AINCLUDED%29%2C%28id%3A300%2CselectionType%3AINCLUDED%29%2C%28id%3A220%2CselectionType%3AINCLUDED%29%2C%28id%3A320%2CselectionType%3AINCLUDED%29%29%29%2C%28type%3AFUNCTION%2Cvalues%3AList%28%28id%3A13%2CselectionType%3AINCLUDED%29%2C%28id%3A8%2CselectionType%3AINCLUDED%29%29%29%29%29,https://www.linkedin.com/sales/search/people?query=%28filters%3AList%28%28type%3ACURRENT_COMPANY%2Cvalues%3AList%28%28text%3AFitterfly%2CselectionType%3AINCLUDED%29%29%29%2C%28type%3ASENIORITY_LEVEL%2Cvalues%3AList%28%28id%3A310%2CselectionType%3AINCLUDED%29%2C%28id%3A300%2CselectionType%3AINCLUDED%29%2C%28id%3A220%2CselectionType%3AINCLUDED%29%2C%28id%3A320%2CselectionType%3AINCLUDED%29%29%29%29%29,pending
Prospect,53,MFine,MFine,https://www.linkedin.com/sales/search/people?query=%28filters%3AList%28%28type%3ACURRENT_COMPANY%2Cvalues%3AList%28%28text%3AMFine%2CselectionType%3AINCLUDED%29%29%29%2C%28type%3ASENIORITY_LEVEL%2Cvalues%3AList%28%28id%3A310%2CselectionType%3AINCLUDED%29%2C%28id%3A300%2CselectionType%3AINCLUDED%29%2C%28id%3A220%2CselectionType%3AINCLUDED%29%2C%28id%3A320%2CselectionType%3AINCLUDED%29%29%29%2C%28type%3AFUNCTION%2Cvalues%3AList%28%28id%3A13%2CselectionType%3AINCLUDED%29%2C%28id%3A8%2CselectionType%3AINCLUDED%29%29%29%29%29,https://www.linkedin.com/sales/search/people?query=%28filters%3AList%28%28type%3ACURRENT_COMPANY%2Cvalues%3AList%28%28text%3AMFine%2CselectionType%3AINCLUDED%29%29%29%2C%28type%3ASENIORITY_LEVEL%2Cvalues%3AList%28%28id%3A310%2CselectionType%3AINCLUDED%29%2C%28id%3A300%2CselectionType%3AINCLUDED%29%2C%28id%3A220%2CselectionType%3AINCLUDED%29%2C%28id%3A320%2CselectionType%3AINCLUDED%29%29%29%29%29,pending
Prospect,54,Zeno Health,Zeno Health,https://www.linkedin.com/sales/search/people?query=%28filters%3AList%28%28type%3ACURRENT_COMPANY%2Cvalues%3AList%28%28text%3AZeno%20Health%2CselectionType%3AINCLUDED%29%29%29%2C%28type%3ASENIORITY_LEVEL%2Cvalues%3AList%28%28id%3A310%2CselectionType%3AINCLUDED%29%2C%28id%3A300%2CselectionType%3AINCLUDED%29%2C%28id%3A220%2CselectionType%3AINCLUDED%29%2C%28id%3A320%2CselectionType%3AINCLUDED%29%29%29%2C%28type%3AFUNCTION%2Cvalues%3AList%28%28id%3A13%2CselectionType%3AINCLUDED%29%2C%28id%3A8%2CselectionType%3AINCLUDED%29%29%29%29%29,https://www.linkedin.com/sales/search/people?query=%28filters%3AList%28%28type%3ACURRENT_COMPANY%2Cvalues%3AList%28%28text%3AZeno%20Health%2CselectionType%3AINCLUDED%29%29%29%2C%28type%3ASENIORITY_LEVEL%2Cvalues%3AList%28%28id%3A310%2CselectionType%3AINCLUDED%29%2C%28id%3A300%2CselectionType%3AINCLUDED%29%2C%28id%3A220%2CselectionType%3AINCLUDED%29%2C%28id%3A320%2CselectionType%3AINCLUDED%29%29%29%29%29,pending
Prospect,55,Khadim's,Khadim's,https://www.linkedin.com/sales/search/people?query=%28filters%3AList%28%28type%3ACURRENT_COMPANY%2Cvalues%3AList%28%28text%3AKhadim%27s%2CselectionType%3AINCLUDED%29%29%29%2C%28type%3ASENIORITY_LEVEL%2Cvalues%3AList%28%28id%3A310%2CselectionType%3AINCLUDED%29%2C%28id%3A300%2CselectionType%3AINCLUDED%29%2C%28id%3A220%2CselectionType%3AINCLUDED%29%2C%28id%3A320%2CselectionType%3AINCLUDED%29%29%29%2C%28type%3AFUNCTION%2Cvalues%3AList%28%28id%3A13%2CselectionType%3AINCLUDED%29%2C%28id%3A8%2CselectionType%3AINCLUDED%29%29%29%29%29,https://www.linkedin.com/sales/search/people?query=%28filters%3AList%28%28type%3ACURRENT_COMPANY%2Cvalues%3AList%28%28text%3AKhadim%27s%2CselectionType%3AINCLUDED%29%29%29%2C%28type%3ASENIORITY_LEVEL%2Cvalues%3AList%28%28id%3A310%2CselectionType%3AINCLUDED%29%2C%28id%3A300%2CselectionType%3AINCLUDED%29%2C%28id%3A220%2CselectionType%3AINCLUDED%29%2C%28id%3A320%2CselectionType%3AINCLUDED%29%29%29%29%29,pending
Prospect,56,"Aditya Birla Fashion (Pantaloons, Allen Solly, Peter England, Van Heusen, Louis Philippe – all on Route 53/ap-south-1)",Aditya Birla Fashion,https://www.linkedin.com/sales/search/people?query=%28filters%3AList%28%28type%3ACURRENT_COMPANY%2Cvalues%3AList%28%28text%3AAditya%20Birla%20Fashion%2CselectionType%3AINCLUDED%29%29%29%2C%28type%3ASENIORITY_LEVEL%2Cvalues%3AList%28%28id%3A310%2CselectionType%3AINCLUDED%29%2C%28id%3A300%2CselectionType%3AINCLUDED%29%2C%28id%3A220%2CselectionType%3AINCLUDED%29%2C%28id%3A320%2CselectionType%3AINCLUDED%29%29%29%2C%28type%3AFUNCTION%2Cvalues%3AList%28%28id%3A13%2CselectionType%3AINCLUDED%29%2C%28id%3A8%2CselectionType%3AINCLUDED%29%29%29%29%29,https://www.linkedin.com/sales/search/people?query=%28filters%3AList%28%28type%3ACURRENT_COMPANY%2Cvalues%3AList%28%28text%3AAditya%20Birla%20Fashion%2CselectionType%3AINCLUDED%29%29%29%2C%28type%3ASENIORITY_LEVEL%2Cvalues%3AList%28%28id%3A310%2CselectionType%3AINCLUDED%29%2C%28id%3A300%2CselectionType%3AINCLUDED%29%2C%28id%3A220%2CselectionType%3AINCLUDED%29%2C%28id%3A320%2CselectionType%3AINCLUDED%29%29%29%29%29,pending
Prospect,57,La Pino'z Pizza,La Pino'z Pizza,https://www.linkedin.com/sales/search/people?query=%28filters%3AList%28%28type%3ACURRENT_COMPANY%2Cvalues%3AList%28%28text%3ALa%20Pino%27z%20Pizza%2CselectionType%3AINCLUDED%29%29%29%2C%28type%3ASENIORITY_LEVEL%2Cvalues%3AList%28%28id%3A310%2CselectionType%3AINCLUDED%29%2C%28id%3A300%2CselectionType%3AINCLUDED%29%2C%28id%3A220%2CselectionType%3AINCLUDED%29%2C%28id%3A320%2CselectionType%3AINCLUDED%29%29%29%2C%28type%3AFUNCTION%2Cvalues%3AList%28%28id%3A13%2CselectionType%3AINCLUDED%29%2C%28id%3A8%2CselectionType%3AINCLUDED%29%29%29%29%29,https://www.linkedin.com/sales/search/people?query=%28filters%3AList%28%28type%3ACURRENT_COMPANY%2Cvalues%3AList%28%28text%3ALa%20Pino%27z%20Pizza%2CselectionType%3AINCLUDED%29%29%29%2C%28type%3ASENIORITY_LEVEL%2Cvalues%3AList%28%28id%3A310%2CselectionType%3AINCLUDED%29%2C%28id%3A300%2CselectionType%3AINCLUDED%29%2C%28id%3A220%2CselectionType%3AINCLUDED%29%2C%28id%3A320%2CselectionType%3AINCLUDED%29%29%29%29%29,pending
Prospect,58,Lybrate,Lybrate,https://www.linkedin.com/sales/search/people?query=%28filters%3AList%28%28type%3ACURRENT_COMPANY%2Cvalues%3AList%28%28text%3ALybrate%2CselectionType%3AINCLUDED%29%29%29%2C%28type%3ASENIORITY_LEVEL%2Cvalues%3AList%28%28id%3A310%2CselectionType%3AINCLUDED%29%2C%28id%3A300%2CselectionType%3AINCLUDED%29%2C%28id%3A220%2CselectionType%3AINCLUDED%29%2C%28id%3A320%2CselectionType%3AINCLUDED%29%29%29%2C%28type%3AFUNCTION%2Cvalues%3AList%28%28id%3A13%2CselectionType%3AINCLUDED%29%2C%28id%3A8%2CselectionType%3AINCLUDED%29%29%29%29%29,https://www.linkedin.com/sales/search/people?query=%28filters%3AList%28%28type%3ACURRENT_COMPANY%2Cvalues%3AList%28%28text%3ALybrate%2CselectionType%3AINCLUDED%29%29%29%2C%28type%3ASENIORITY_LEVEL%2Cvalues%3AList%28%28id%3A310%2CselectionType%3AINCLUDED%29%2C%28id%3A300%2CselectionType%3AINCLUDED%29%2C%28id%3A220%2CselectionType%3AINCLUDED%29%2C%28id%3A320%2CselectionType%3AINCLUDED%29%29%29%29%29,pending
Prospect,59,Rainbow Children's Hospital,Rainbow Children's Hospital,https://www.linkedin.com/sales/search/people?query=%28filters%3AList%28%28type%3ACURRENT_COMPANY%2Cvalues%3AList%28%28text%3ARainbow%20Children%27s%20Hospital%2CselectionType%3AINCLUDED%29%29%29%2C%28type%3ASENIORITY_LEVEL%2Cvalues%3AList%28%28id%3A310%2CselectionType%3AINCLUDED%29%2C%28id%3A300%2CselectionType%3AINCLUDED%29%2C%28id%3A220%2CselectionType%3AINCLUDED%29%2C%28id%3A320%2CselectionType%3AINCLUDED%29%29%29%2C%28type%3AFUNCTION%2Cvalues%3AList%28%28id%3A13%2CselectionType%3AINCLUDED%29%2C%28id%3A8%2CselectionType%3AINCLUDED%29%29%29%29%29,https://www.linkedin.com/sales/search/people?query=%28filters%3AList%28%28type%3ACURRENT_COMPANY%2Cvalues%3AList%28%28text%3ARainbow%20Children%27s%20Hospital%2CselectionType%3AINCLUDED%29%29%29%2C%28type%3ASENIORITY_LEVEL%2Cvalues%3AList%28%28id%3A310%2CselectionType%3AINCLUDED%29%2C%28id%3A300%2CselectionType%3AINCLUDED%29%2C%28id%3A220%2CselectionType%3AINCLUDED%29%2C%28id%3A320%2CselectionType%3AINCLUDED%29%29%29%29%29,pending
Prospect,60,Aster DM Healthcare,Aster DM Healthcare,https://www.linkedin.com/sales/search/people?query=%28filters%3AList%28%28type%3ACURRENT_COMPANY%2Cvalues%3AList%28%28text%3AAster%20DM%20Healthcare%2CselectionType%3AINCLUDED%29%29%29%2C%28type%3ASENIORITY_LEVEL%2Cvalues%3AList%28%28id%3A310%2CselectionType%3AINCLUDED%29%2C%28id%3A300%2CselectionType%3AINCLUDED%29%2C%28id%3A220%2CselectionType%3AINCLUDED%29%2C%28id%3A320%2CselectionType%3AINCLUDED%29%29%29%2C%28type%3AFUNCTION%2Cvalues%3AList%28%28id%3A13%2CselectionType%3AINCLUDED%29%2C%28id%3A8%2CselectionType%3AINCLUDED%29%29%29%29%29,https://www.linkedin.com/sales/search/people?query=%28filters%3AList%28%28type%3ACURRENT_COMPANY%2Cvalues%3AList%28%28text%3AAster%20DM%20Healthcare%2CselectionType%3AINCLUDED%29%29%29%2C%28type%3ASENIORITY_LEVEL%2Cvalues%3AList%28%28id%3A310%2CselectionType%3AINCLUDED%29%2C%28id%3A300%2CselectionType%3AINCLUDED%29%2C%28id%3A220%2CselectionType%3AINCLUDED%29%2C%28id%3A320%2CselectionType%3AINCLUDED%29%29%29%29%29,pending
Prospect,61,VLCC Personal Care,VLCC Personal Care,https://www.linkedin.com/sales/search/people?query=%28filters%3AList%28%28type%3ACURRENT_COMPANY%2Cvalues%3AList%28%28text%3AVLCC%20Personal%20Care%2CselectionType%3AINCLUDED%29%29%29%2C%28type%3ASENIORITY_LEVEL%2Cvalues%3AList%28%28id%3A310%2CselectionType%3AINCLUDED%29%2C%28id%3A300%2CselectionType%3AINCLUDED%29%2C%28id%3A220%2CselectionType%3AINCLUDED%29%2C%28id%3A320%2CselectionType%3AINCLUDED%29%29%29%2C%28type%3AFUNCTION%2Cvalues%3AList%28%28id%3A13%2CselectionType%3AINCLUDED%29%2C%28id%3A8%2CselectionType%3AINCLUDED%29%29%29%29%29,https://www.linkedin.com/sales/search/people?query=%28filters%3AList%28%28type%3ACURRENT_COMPANY%2Cvalues%3AList%28%28text%3AVLCC%20Personal%20Care%2CselectionType%3AINCLUDED%29%29%29%2C%28type%3ASENIORITY_LEVEL%2Cvalues%3AList%28%28id%3A310%2CselectionType%3AINCLUDED%29%2C%28id%3A300%2CselectionType%3AINCLUDED%29%2C%28id%3A220%2CselectionType%3AINCLUDED%29%2C%28id%3A320%2CselectionType%3AINCLUDED%29%29%29%29%29,pending
Prospect,62,Titan Eye+,Titan Eye,https://www.linkedin.com/sales/search/people?query=%28filters%3AList%28%28type%3ACURRENT_COMPANY%2Cvalues%3AList%28%28text%3ATitan%20Eye%2CselectionType%3AINCLUDED%29%29%29%2C%28type%3ASENIORITY_LEVEL%2Cvalues%3AList%28%28id%3A310%2CselectionType%3AINCLUDED%29%2C%28id%3A300%2CselectionType%3AINCLUDED%29%2C%28id%3A220%2CselectionType%3AINCLUDED%29%2C%28id%3A320%2CselectionType%3AINCLUDED%29%29%29%2C%28type%3AFUNCTION%2Cvalues%3AList%28%28id%3A13%2CselectionType%3AINCLUDED%29%2C%28id%3A8%2CselectionType%3AINCLUDED%29%29%29%29%29,https://www.linkedin.com/sales/search/people?query=%28filters%3AList%28%28type%3ACURRENT_COMPANY%2Cvalues%3AList%28%28text%3ATitan%20Eye%2CselectionType%3AINCLUDED%29%29%29%2C%28type%3ASENIORITY_LEVEL%2Cvalues%3AList%28%28id%3A310%2CselectionType%3AINCLUDED%29%2C%28id%3A300%2CselectionType%3AINCLUDED%29%2C%28id%3A220%2CselectionType%3AINCLUDED%29%2C%28id%3A320%2CselectionType%3AINCLUDED%29%29%29%29%29,pending
Prospect,63,Godrej Interio,Godrej Interio,https://www.linkedin.com/sales/search/people?query=%28filters%3AList%28%28type%3ACURRENT_COMPANY%2Cvalues%3AList%28%28text%3AGodrej%20Interio%2CselectionType%3AINCLUDED%29%29%29%2C%28type%3ASENIORITY_LEVEL%2Cvalues%3AList%28%28id%3A310%2CselectionType%3AINCLUDED%29%2C%28id%3A300%2CselectionType%3AINCLUDED%29%2C%28id%3A220%2CselectionType%3AINCLUDED%29%2C%28id%3A320%2CselectionType%3AINCLUDED%29%29%29%2C%28type%3AFUNCTION%2Cvalues%3AList%28%28id%3A13%2CselectionType%3AINCLUDED%29%2C%28id%3A8%2CselectionType%3AINCLUDED%29%29%29%29%29,https://www.linkedin.com/sales/search/people?query=%28filters%3AList%28%28type%3ACURRENT_COMPANY%2Cvalues%3AList%28%28text%3AGodrej%20Interio%2CselectionType%3AINCLUDED%29%29%29%2C%28type%3ASENIORITY_LEVEL%2Cvalues%3AList%28%28id%3A310%2CselectionType%3AINCLUDED%29%2C%28id%3A300%2CselectionType%3AINCLUDED%29%2C%28id%3A220%2CselectionType%3AINCLUDED%29%2C%28id%3A320%2CselectionType%3AINCLUDED%29%29%29%29%29,pending
Prospect,64,Berger Paints,Berger Paints,https://www.linkedin.com/sales/search/people?query=%28filters%3AList%28%28type%3ACURRENT_COMPANY%2Cvalues%3AList%28%28text%3ABerger%20Paints%2CselectionType%3AINCLUDED%29%29%29%2C%28type%3ASENIORITY_LEVEL%2Cvalues%3AList%28%28id%3A310%2CselectionType%3AINCLUDED%29%2C%28id%3A300%2CselectionType%3AINCLUDED%29%2C%28id%3A220%2CselectionType%3AINCLUDED%29%2C%28id%3A320%2CselectionType%3AINCLUDED%29%29%29%2C%28type%3AFUNCTION%2Cvalues%3AList%28%28id%3A13%2CselectionType%3AINCLUDED%29%2C%28id%3A8%2CselectionType%3AINCLUDED%29%29%29%29%29,https://www.linkedin.com/sales/search/people?query=%28filters%3AList%28%28type%3ACURRENT_COMPANY%2Cvalues%3AList%28%28text%3ABerger%20Paints%2CselectionType%3AINCLUDED%29%29%29%2C%28type%3ASENIORITY_LEVEL%2Cvalues%3AList%28%28id%3A310%2CselectionType%3AINCLUDED%29%2C%28id%3A300%2CselectionType%3AINCLUDED%29%2C%28id%3A220%2CselectionType%3AINCLUDED%29%2C%28id%3A320%2CselectionType%3AINCLUDED%29%29%29%29%29,pending
Prospect,65,Greenply Industries,Greenply Industries,https://www.linkedin.com/sales/search/people?query=%28filters%3AList%28%28type%3ACURRENT_COMPANY%2Cvalues%3AList%28%28text%3AGreenply%20Industries%2CselectionType%3AINCLUDED%29%29%29%2C%28type%3ASENIORITY_LEVEL%2Cvalues%3AList%28%28id%3A310%2CselectionType%3AINCLUDED%29%2C%28id%3A300%2CselectionType%3AINCLUDED%29%2C%28id%3A220%2CselectionType%3AINCLUDED%29%2C%28id%3A320%2CselectionType%3AINCLUDED%29%29%29%2C%28type%3AFUNCTION%2Cvalues%3AList%28%28id%3A13%2CselectionType%3AINCLUDED%29%2C%28id%3A8%2CselectionType%3AINCLUDED%29%29%29%29%29,https://www.linkedin.com/sales/search/people?query=%28filters%3AList%28%28type%3ACURRENT_COMPANY%2Cvalues%3AList%28%28text%3AGreenply%20Industries%2CselectionType%3AINCLUDED%29%29%29%2C%28type%3ASENIORITY_LEVEL%2Cvalues%3AList%28%28id%3A310%2CselectionType%3AINCLUDED%29%2C%28id%3A300%2CselectionType%3AINCLUDED%29%2C%28id%3A220%2CselectionType%3AINCLUDED%29%2C%28id%3A320%2CselectionType%3AINCLUDED%29%29%29%29%29,pending
Prospect,66,Trackon Couriers,Trackon Couriers,https://www.linkedin.com/sales/search/people?query=%28filters%3AList%28%28type%3ACURRENT_COMPANY%2Cvalues%3AList%28%28text%3ATrackon%20Couriers%2CselectionType%3AINCLUDED%29%29%29%2C%28type%3ASENIORITY_LEVEL%2Cvalues%3AList%28%28id%3A310%2CselectionType%3AINCLUDED%29%2C%28id%3A300%2CselectionType%3AINCLUDED%29%2C%28id%3A220%2CselectionType%3AINCLUDED%29%2C%28id%3A320%2CselectionType%3AINCLUDED%29%29%29%2C%28type%3AFUNCTION%2Cvalues%3AList%28%28id%3A13%2CselectionType%3AINCLUDED%29%2C%28id%3A8%2CselectionType%3AINCLUDED%29%29%29%29%29,https://www.linkedin.com/sales/search/people?query=%28filters%3AList%28%28type%3ACURRENT_COMPANY%2Cvalues%3AList%28%28text%3ATrackon%20Couriers%2CselectionType%3AINCLUDED%29%29%29%2C%28type%3ASENIORITY_LEVEL%2Cvalues%3AList%28%28id%3A310%2CselectionType%3AINCLUDED%29%2C%28id%3A300%2CselectionType%3AINCLUDED%29%2C%28id%3A220%2CselectionType%3AINCLUDED%29%2C%28id%3A320%2CselectionType%3AINCLUDED%29%29%29%29%29,pending
Prospect,67,Pepperfry,Pepperfry,https://www.linkedin.com/sales/search/people?query=%28filters%3AList%28%28type%3ACURRENT_COMPANY%2Cvalues%3AList%28%28text%3APepperfry%2CselectionType%3AINCLUDED%29%29%29%2C%28type%3ASENIORITY_LEVEL%2Cvalues%3AList%28%28id%3A310%2CselectionType%3AINCLUDED%29%2C%28id%3A300%2CselectionType%3AINCLUDED%29%2C%28id%3A220%2CselectionType%3AINCLUDED%29%2C%28id%3A320%2CselectionType%3AINCLUDED%29%29%29%2C%28type%3AFUNCTION%2Cvalues%3AList%28%28id%3A13%2CselectionType%3AINCLUDED%29%2C%28id%3A8%2CselectionType%3AINCLUDED%29%29%29%29%29,https://www.linkedin.com/sales/search/people?query=%28filters%3AList%28%28type%3ACURRENT_COMPANY%2Cvalues%3AList%28%28text%3APepperfry%2CselectionType%3AINCLUDED%29%29%29%2C%28type%3ASENIORITY_LEVEL%2Cvalues%3AList%28%28id%3A310%2CselectionType%3AINCLUDED%29%2C%28id%3A300%2CselectionType%3AINCLUDED%29%2C%28id%3A220%2CselectionType%3AINCLUDED%29%2C%28id%3A320%2CselectionType%3AINCLUDED%29%29%29%29%29,pending
Prospect,68,Wakefit,Wakefit,https://www.linkedin.com/sales/search/people?query=%28filters%3AList%28%28type%3ACURRENT_COMPANY%2Cvalues%3AList%28%28text%3AWakefit%2CselectionType%3AINCLUDED%29%29%29%2C%28type%3ASENIORITY_LEVEL%2Cvalues%3AList%28%28id%3A310%2CselectionType%3AINCLUDED%29%2C%28id%3A300%2CselectionType%3AINCLUDED%29%2C%28id%3A220%2CselectionType%3AINCLUDED%29%2C%28id%3A320%2CselectionType%3AINCLUDED%29%29%29%2C%28type%3AFUNCTION%2Cvalues%3AList%28%28id%3A13%2CselectionType%3AINCLUDED%29%2C%28id%3A8%2CselectionType%3AINCLUDED%29%29%29%29%29,https://www.linkedin.com/sales/search/people?query=%28filters%3AList%28%28type%3ACURRENT_COMPANY%2Cvalues%3AList%28%28text%3AWakefit%2CselectionType%3AINCLUDED%29%29%29%2C%28type%3ASENIORITY_LEVEL%2Cvalues%3AList%28%28id%3A310%2CselectionType%3AINCLUDED%29%2C%28id%3A300%2CselectionType%3AINCLUDED%29%2C%28id%3A220%2CselectionType%3AINCLUDED%29%2C%28id%3A320%2CselectionType%3AINCLUDED%29%29%29%29%29,pending
Prospect,69,Wow! Momo,Wow Momo,https://www.linkedin.com/sales/search/people?query=%28filters%3AList%28%28type%3ACURRENT_COMPANY%2Cvalues%3AList%28%28text%3AWow%20Momo%2CselectionType%3AINCLUDED%29%29%29%2C%28type%3ASENIORITY_LEVEL%2Cvalues%3AList%28%28id%3A310%2CselectionType%3AINCLUDED%29%2C%28id%3A300%2CselectionType%3AINCLUDED%29%2C%28id%3A220%2CselectionType%3AINCLUDED%29%2C%28id%3A320%2CselectionType%3AINCLUDED%29%29%29%2C%28type%3AFUNCTION%2Cvalues%3AList%28%28id%3A13%2CselectionType%3AINCLUDED%29%2C%28id%3A8%2CselectionType%3AINCLUDED%29%29%29%29%29,https://www.linkedin.com/sales/search/people?query=%28filters%3AList%28%28type%3ACURRENT_COMPANY%2Cvalues%3AList%28%28text%3AWow%20Momo%2CselectionType%3AINCLUDED%29%29%29%2C%28type%3ASENIORITY_LEVEL%2Cvalues%3AList%28%28id%3A310%2CselectionType%3AINCLUDED%29%2C%28id%3A300%2CselectionType%3AINCLUDED%29%2C%28id%3A220%2CselectionType%3AINCLUDED%29%2C%28id%3A320%2CselectionType%3AINCLUDED%29%29%29%29%29,pending
Prospect,70,XpressBees,XpressBees,https://www.linkedin.com/sales/search/people?query=%28filters%3AList%28%28type%3ACURRENT_COMPANY%2Cvalues%3AList%28%28text%3AXpressBees%2CselectionType%3AINCLUDED%29%29%29%2C%28type%3ASENIORITY_LEVEL%2Cvalues%3AList%28%28id%3A310%2CselectionType%3AINCLUDED%29%2C%28id%3A300%2CselectionType%3AINCLUDED%29%2C%28id%3A220%2CselectionType%3AINCLUDED%29%2C%28id%3A320%2CselectionType%3AINCLUDED%29%29%29%2C%28type%3AFUNCTION%2Cvalues%3AList%28%28id%3A13%2CselectionType%3AINCLUDED%29%2C%28id%3A8%2CselectionType%3AINCLUDED%29%29%29%29%29,https://www.linkedin.com/sales/search/people?query=%28filters%3AList%28%28type%3ACURRENT_COMPANY%2Cvalues%3AList%28%28text%3AXpressBees%2CselectionType%3AINCLUDED%29%29%29%2C%28type%3ASENIORITY_LEVEL%2Cvalues%3AList%28%28id%3A310%2CselectionType%3AINCLUDED%29%2C%28id%3A300%2CselectionType%3AINCLUDED%29%2C%28id%3A220%2CselectionType%3AINCLUDED%29%2C%28id%3A320%2CselectionType%3AINCLUDED%29%29%29%29%29,pending
Prospect,71,Shadowfax,Shadowfax,https://www.linkedin.com/sales/search/people?query=%28filters%3AList%28%28type%3ACURRENT_COMPANY%2Cvalues%3AList%28%28text%3AShadowfax%2CselectionType%3AINCLUDED%29%29%29%2C%28type%3ASENIORITY_LEVEL%2Cvalues%3AList%28%28id%3A310%2CselectionType%3AINCLUDED%29%2C%28id%3A300%2CselectionType%3AINCLUDED%29%2C%28id%3A220%2CselectionType%3AINCLUDED%29%2C%28id%3A320%2CselectionType%3AINCLUDED%29%29%29%2C%28type%3AFUNCTION%2Cvalues%3AList%28%28id%3A13%2CselectionType%3AINCLUDED%29%2C%28id%3A8%2CselectionType%3AINCLUDED%29%29%29%29%29,https://www.linkedin.com/sales/search/people?query=%28filters%3AList%28%28type%3ACURRENT_COMPANY%2Cvalues%3AList%28%28text%3AShadowfax%2CselectionType%3AINCLUDED%29%29%29%2C%28type%3ASENIORITY_LEVEL%2Cvalues%3AList%28%28id%3A310%2CselectionType%3AINCLUDED%29%2C%28id%3A300%2CselectionType%3AINCLUDED%29%2C%28id%3A220%2CselectionType%3AINCLUDED%29%2C%28id%3A320%2CselectionType%3AINCLUDED%29%29%29%29%29,pending
Prospect,72,iThink Logistics,iThink Logistics,https://www.linkedin.com/sales/search/people?query=%28filters%3AList%28%28type%3ACURRENT_COMPANY%2Cvalues%3AList%28%28text%3AiThink%20Logistics%2CselectionType%3AINCLUDED%29%29%29%2C%28type%3ASENIORITY_LEVEL%2Cvalues%3AList%28%28id%3A310%2CselectionType%3AINCLUDED%29%2C%28id%3A300%2CselectionType%3AINCLUDED%29%2C%28id%3A220%2CselectionType%3AINCLUDED%29%2C%28id%3A320%2CselectionType%3AINCLUDED%29%29%29%2C%28type%3AFUNCTION%2Cvalues%3AList%28%28id%3A13%2CselectionType%3AINCLUDED%29%2C%28id%3A8%2CselectionType%3AINCLUDED%29%29%29%29%29,https://www.linkedin.com/sales/search/people?query=%28filters%3AList%28%28type%3ACURRENT_COMPANY%2Cvalues%3AList%28%28text%3AiThink%20Logistics%2CselectionType%3AINCLUDED%29%29%29%2C%28type%3ASENIORITY_LEVEL%2Cvalues%3AList%28%28id%3A310%2CselectionType%3AINCLUDED%29%2C%28id%3A300%2CselectionType%3AINCLUDED%29%2C%28id%3A220%2CselectionType%3AINCLUDED%29%2C%28id%3A320%2CselectionType%3AINCLUDED%29%29%29%29%29,pending
Prospect,73,Akbar Travels,Akbar Travels,https://www.linkedin.com/sales/search/people?query=%28filters%3AList%28%28type%3ACURRENT_COMPANY%2Cvalues%3AList%28%28text%3AAkbar%20Travels%2CselectionType%3AINCLUDED%29%29%29%2C%28type%3ASENIORITY_LEVEL%2Cvalues%3AList%28%28id%3A310%2CselectionType%3AINCLUDED%29%2C%28id%3A300%2CselectionType%3AINCLUDED%29%2C%28id%3A220%2CselectionType%3AINCLUDED%29%2C%28id%3A320%2CselectionType%3AINCLUDED%29%29%29%2C%28type%3AFUNCTION%2Cvalues%3AList%28%28id%3A13%2CselectionType%3AINCLUDED%29%2C%28id%3A8%2CselectionType%3AINCLUDED%29%29%29%29%29,https://www.linkedin.com/sales/search/people?query=%28filters%3AList%28%28type%3ACURRENT_COMPANY%2Cvalues%3AList%28%28text%3AAkbar%20Travels%2CselectionType%3AINCLUDED%29%29%29%2C%28type%3ASENIORITY_LEVEL%2Cvalues%3AList%28%28id%3A310%2CselectionType%3AINCLUDED%29%2C%28id%3A300%2CselectionType%3AINCLUDED%29%2C%28id%3A220%2CselectionType%3AINCLUDED%29%2C%28id%3A320%2CselectionType%3AINCLUDED%29%29%29%29%29,pending
Prospect,74,FarEye,FarEye,https://www.linkedin.com/sales/search/people?query=%28filters%3AList%28%28type%3ACURRENT_COMPANY%2Cvalues%3AList%28%28text%3AFarEye%2CselectionType%3AINCLUDED%29%29%29%2C%28type%3ASENIORITY_LEVEL%2Cvalues%3AList%28%28id%3A310%2CselectionType%3AINCLUDED%29%2C%28id%3A300%2CselectionType%3AINCLUDED%29%2C%28id%3A220%2CselectionType%3AINCLUDED%29%2C%28id%3A320%2CselectionType%3AINCLUDED%29%29%29%2C%28type%3AFUNCTION%2Cvalues%3AList%28%28id%3A13%2CselectionType%3AINCLUDED%29%2C%28id%3A8%2CselectionType%3AINCLUDED%29%29%29%29%29,https://www.linkedin.com/sales/search/people?query=%28filters%3AList%28%28type%3ACURRENT_COMPANY%2Cvalues%3AList%28%28text%3AFarEye%2CselectionType%3AINCLUDED%29%29%29%2C%28type%3ASENIORITY_LEVEL%2Cvalues%3AList%28%28id%3A310%2CselectionType%3AINCLUDED%29%2C%28id%3A300%2CselectionType%3AINCLUDED%29%2C%28id%3A220%2CselectionType%3AINCLUDED%29%2C%28id%3A320%2CselectionType%3AINCLUDED%29%29%29%29%29,pending
Prospect,75,Jumbotail,Jumbotail,https://www.linkedin.com/sales/search/people?query=%28filters%3AList%28%28type%3ACURRENT_COMPANY%2Cvalues%3AList%28%28text%3AJumbotail%2CselectionType%3AINCLUDED%29%29%29%2C%28type%3ASENIORITY_LEVEL%2Cvalues%3AList%28%28id%3A310%2CselectionType%3AINCLUDED%29%2C%28id%3A300%2CselectionType%3AINCLUDED%29%2C%28id%3A220%2CselectionType%3AINCLUDED%29%2C%28id%3A320%2CselectionType%3AINCLUDED%29%29%29%2C%28type%3AFUNCTION%2Cvalues%3AList%28%28id%3A13%2CselectionType%3AINCLUDED%29%2C%28id%3A8%2CselectionType%3AINCLUDED%29%29%29%29%29,https://www.linkedin.com/sales/search/people?query=%28filters%3AList%28%28type%3ACURRENT_COMPANY%2Cvalues%3AList%28%28text%3AJumbotail%2CselectionType%3AINCLUDED%29%29%29%2C%28type%3ASENIORITY_LEVEL%2Cvalues%3AList%28%28id%3A310%2CselectionType%3AINCLUDED%29%2C%28id%3A300%2CselectionType%3AINCLUDED%29%2C%28id%3A220%2CselectionType%3AINCLUDED%29%2C%28id%3A320%2CselectionType%3AINCLUDED%29%29%29%29%29,pending
Prospect,76,Thyrocare,Thyrocare,https://www.linkedin.com/sales/search/people?query=%28filters%3AList%28%28type%3ACURRENT_COMPANY%2Cvalues%3AList%28%28text%3AThyrocare%2CselectionType%3AINCLUDED%29%29%29%2C%28type%3ASENIORITY_LEVEL%2Cvalues%3AList%28%28id%3A310%2CselectionType%3AINCLUDED%29%2C%28id%3A300%2CselectionType%3AINCLUDED%29%2C%28id%3A220%2CselectionType%3AINCLUDED%29%2C%28id%3A320%2CselectionType%3AINCLUDED%29%29%29%2C%28type%3AFUNCTION%2Cvalues%3AList%28%28id%3A13%2CselectionType%3AINCLUDED%29%2C%28id%3A8%2CselectionType%3AINCLUDED%29%29%29%29%29,https://www.linkedin.com/sales/search/people?query=%28filters%3AList%28%28type%3ACURRENT_COMPANY%2Cvalues%3AList%28%28text%3AThyrocare%2CselectionType%3AINCLUDED%29%29%29%2C%28type%3ASENIORITY_LEVEL%2Cvalues%3AList%28%28id%3A310%2CselectionType%3AINCLUDED%29%2C%28id%3A300%2CselectionType%3AINCLUDED%29%2C%28id%3A220%2CselectionType%3AINCLUDED%29%2C%28id%3A320%2CselectionType%3AINCLUDED%29%29%29%29%29,pending
Prospect,77,Manipal Hospitals,Manipal Hospitals,https://www.linkedin.com/sales/search/people?query=%28filters%3AList%28%28type%3ACURRENT_COMPANY%2Cvalues%3AList%28%28text%3AManipal%20Hospitals%2CselectionType%3AINCLUDED%29%29%29%2C%28type%3ASENIORITY_LEVEL%2Cvalues%3AList%28%28id%3A310%2CselectionType%3AINCLUDED%29%2C%28id%3A300%2CselectionType%3AINCLUDED%29%2C%28id%3A220%2CselectionType%3AINCLUDED%29%2C%28id%3A320%2CselectionType%3AINCLUDED%29%29%29%2C%28type%3AFUNCTION%2Cvalues%3AList%28%28id%3A13%2CselectionType%3AINCLUDED%29%2C%28id%3A8%2CselectionType%3AINCLUDED%29%29%29%29%29,https://www.linkedin.com/sales/search/people?query=%28filters%3AList%28%28type%3ACURRENT_COMPANY%2Cvalues%3AList%28%28text%3AManipal%20Hospitals%2CselectionType%3AINCLUDED%29%29%29%2C%28type%3ASENIORITY_LEVEL%2Cvalues%3AList%28%28id%3A310%2CselectionType%3AINCLUDED%29%2C%28id%3A300%2CselectionType%3AINCLUDED%29%2C%28id%3A220%2CselectionType%3AINCLUDED%29%2C%28id%3A320%2CselectionType%3AINCLUDED%29%29%29%29%29,pending
Prospect,78,CarInfo,CarInfo,https://www.linkedin.com/sales/search/people?query=%28filters%3AList%28%28type%3ACURRENT_COMPANY%2Cvalues%3AList%28%28text%3ACarInfo%2CselectionType%3AINCLUDED%29%29%29%2C%28type%3ASENIORITY_LEVEL%2Cvalues%3AList%28%28id%3A310%2CselectionType%3AINCLUDED%29%2C%28id%3A300%2CselectionType%3AINCLUDED%29%2C%28id%3A220%2CselectionType%3AINCLUDED%29%2C%28id%3A320%2CselectionType%3AINCLUDED%29%29%29%2C%28type%3AFUNCTION%2Cvalues%3AList%28%28id%3A13%2CselectionType%3AINCLUDED%29%2C%28id%3A8%2CselectionType%3AINCLUDED%29%29%29%29%29,https://www.linkedin.com/sales/search/people?query=%28filters%3AList%28%28type%3ACURRENT_COMPANY%2Cvalues%3AList%28%28text%3ACarInfo%2CselectionType%3AINCLUDED%29%29%29%2C%28type%3ASENIORITY_LEVEL%2Cvalues%3AList%28%28id%3A310%2CselectionType%3AINCLUDED%29%2C%28id%3A300%2CselectionType%3AINCLUDED%29%2C%28id%3A220%2CselectionType%3AINCLUDED%29%2C%28id%3A320%2CselectionType%3AINCLUDED%29%29%29%29%29,pending
Prospect,79,Park+,Park,https://www.linkedin.com/sales/search/people?query=%28filters%3AList%28%28type%3ACURRENT_COMPANY%2Cvalues%3AList%28%28text%3APark%2CselectionType%3AINCLUDED%29%29%29%2C%28type%3ASENIORITY_LEVEL%2Cvalues%3AList%28%28id%3A310%2CselectionType%3AINCLUDED%29%2C%28id%3A300%2CselectionType%3AINCLUDED%29%2C%28id%3A220%2CselectionType%3AINCLUDED%29%2C%28id%3A320%2CselectionType%3AINCLUDED%29%29%29%2C%28type%3AFUNCTION%2Cvalues%3AList%28%28id%3A13%2CselectionType%3AINCLUDED%29%2C%28id%3A8%2CselectionType%3AINCLUDED%29%29%29%29%29,https://www.linkedin.com/sales/search/people?query=%28filters%3AList%28%28type%3ACURRENT_COMPANY%2Cvalues%3AList%28%28text%3APark%2CselectionType%3AINCLUDED%29%29%29%2C%28type%3ASENIORITY_LEVEL%2Cvalues%3AList%28%28id%3A310%2CselectionType%3AINCLUDED%29%2C%28id%3A300%2CselectionType%3AINCLUDED%29%2C%28id%3A220%2CselectionType%3AINCLUDED%29%2C%28id%3A320%2CselectionType%3AINCLUDED%29%29%29%29%29,pending
Prospect,80,Sangeetha Mobiles,Sangeetha Mobiles,https://www.linkedin.com/sales/search/people?query=%28filters%3AList%28%28type%3ACURRENT_COMPANY%2Cvalues%3AList%28%28text%3ASangeetha%20Mobiles%2CselectionType%3AINCLUDED%29%29%29%2C%28type%3ASENIORITY_LEVEL%2Cvalues%3AList%28%28id%3A310%2CselectionType%3AINCLUDED%29%2C%28id%3A300%2CselectionType%3AINCLUDED%29%2C%28id%3A220%2CselectionType%3AINCLUDED%29%2C%28id%3A320%2CselectionType%3AINCLUDED%29%29%29%2C%28type%3AFUNCTION%2Cvalues%3AList%28%28id%3A13%2CselectionType%3AINCLUDED%29%2C%28id%3A8%2CselectionType%3AINCLUDED%29%29%29%29%29,https://www.linkedin.com/sales/search/people?query=%28filters%3AList%28%28type%3ACURRENT_COMPANY%2Cvalues%3AList%28%28text%3ASangeetha%20Mobiles%2CselectionType%3AINCLUDED%29%29%29%2C%28type%3ASENIORITY_LEVEL%2Cvalues%3AList%28%28id%3A310%2CselectionType%3AINCLUDED%29%2C%28id%3A300%2CselectionType%3AINCLUDED%29%2C%28id%3A220%2CselectionType%3AINCLUDED%29%2C%28id%3A320%2CselectionType%3AINCLUDED%29%29%29%29%29,pending
Prospect,81,The Whole Truth Foods,The Whole Truth Foods,https://www.linkedin.com/sales/search/people?query=%28filters%3AList%28%28type%3ACURRENT_COMPANY%2Cvalues%3AList%28%28text%3AThe%20Whole%20Truth%20Foods%2CselectionType%3AINCLUDED%29%29%29%2C%28type%3ASENIORITY_LEVEL%2Cvalues%3AList%28%28id%3A310%2CselectionType%3AINCLUDED%29%2C%28id%3A300%2CselectionType%3AINCLUDED%29%2C%28id%3A220%2CselectionType%3AINCLUDED%29%2C%28id%3A320%2CselectionType%3AINCLUDED%29%29%29%2C%28type%3AFUNCTION%2Cvalues%3AList%28%28id%3A13%2CselectionType%3AINCLUDED%29%2C%28id%3A8%2CselectionType%3AINCLUDED%29%29%29%29%29,https://www.linkedin.com/sales/search/people?query=%28filters%3AList%28%28type%3ACURRENT_COMPANY%2Cvalues%3AList%28%28text%3AThe%20Whole%20Truth%20Foods%2CselectionType%3AINCLUDED%29%29%29%2C%28type%3ASENIORITY_LEVEL%2Cvalues%3AList%28%28id%3A310%2CselectionType%3AINCLUDED%29%2C%28id%3A300%2CselectionType%3AINCLUDED%29%2C%28id%3A220%2CselectionType%3AINCLUDED%29%2C%28id%3A320%2CselectionType%3AINCLUDED%29%29%29%29%29,pending
Prospect,82,Raw Pressery,Raw Pressery,https://www.linkedin.com/sales/search/people?query=%28filters%3AList%28%28type%3ACURRENT_COMPANY%2Cvalues%3AList%28%28text%3ARaw%20Pressery%2CselectionType%3AINCLUDED%29%29%29%2C%28type%3ASENIORITY_LEVEL%2Cvalues%3AList%28%28id%3A310%2CselectionType%3AINCLUDED%29%2C%28id%3A300%2CselectionType%3AINCLUDED%29%2C%28id%3A220%2CselectionType%3AINCLUDED%29%2C%28id%3A320%2CselectionType%3AINCLUDED%29%29%29%2C%28type%3AFUNCTION%2Cvalues%3AList%28%28id%3A13%2CselectionType%3AINCLUDED%29%2C%28id%3A8%2CselectionType%3AINCLUDED%29%29%29%29%29,https://www.linkedin.com/sales/search/people?query=%28filters%3AList%28%28type%3ACURRENT_COMPANY%2Cvalues%3AList%28%28text%3ARaw%20Pressery%2CselectionType%3AINCLUDED%29%29%29%2C%28type%3ASENIORITY_LEVEL%2Cvalues%3AList%28%28id%3A310%2CselectionType%3AINCLUDED%29%2C%28id%3A300%2CselectionType%3AINCLUDED%29%2C%28id%3A220%2CselectionType%3AINCLUDED%29%2C%28id%3A320%2CselectionType%3AINCLUDED%29%29%29%29%29,pending
Prospect,83,Nestasia,Nestasia,https://www.linkedin.com/sales/search/people?query=%28filters%3AList%28%28type%3ACURRENT_COMPANY%2Cvalues%3AList%28%28text%3ANestasia%2CselectionType%3AINCLUDED%29%29%29%2C%28type%3ASENIORITY_LEVEL%2Cvalues%3AList%28%28id%3A310%2CselectionType%3AINCLUDED%29%2C%28id%3A300%2CselectionType%3AINCLUDED%29%2C%28id%3A220%2CselectionType%3AINCLUDED%29%2C%28id%3A320%2CselectionType%3AINCLUDED%29%29%29%2C%28type%3AFUNCTION%2Cvalues%3AList%28%28id%3A13%2CselectionType%3AINCLUDED%29%2C%28id%3A8%2CselectionType%3AINCLUDED%29%29%29%29%29,https://www.linkedin.com/sales/search/people?query=%28filters%3AList%28%28type%3ACURRENT_COMPANY%2Cvalues%3AList%28%28text%3ANestasia%2CselectionType%3AINCLUDED%29%29%29%2C%28type%3ASENIORITY_LEVEL%2Cvalues%3AList%28%28id%3A310%2CselectionType%3AINCLUDED%29%2C%28id%3A300%2CselectionType%3AINCLUDED%29%2C%28id%3A220%2CselectionType%3AINCLUDED%29%2C%28id%3A320%2CselectionType%3AINCLUDED%29%29%29%29%29,pending
Prospect,84,KisanKonnect,KisanKonnect,https://www.linkedin.com/sales/search/people?query=%28filters%3AList%28%28type%3ACURRENT_COMPANY%2Cvalues%3AList%28%28text%3AKisanKonnect%2CselectionType%3AINCLUDED%29%29%29%2C%28type%3ASENIORITY_LEVEL%2Cvalues%3AList%28%28id%3A310%2CselectionType%3AINCLUDED%29%2C%28id%3A300%2CselectionType%3AINCLUDED%29%2C%28id%3A220%2CselectionType%3AINCLUDED%29%2C%28id%3A320%2CselectionType%3AINCLUDED%29%29%29%2C%28type%3AFUNCTION%2Cvalues%3AList%28%28id%3A13%2CselectionType%3AINCLUDED%29%2C%28id%3A8%2CselectionType%3AINCLUDED%29%29%29%29%29,https://www.linkedin.com/sales/search/people?query=%28filters%3AList%28%28type%3ACURRENT_COMPANY%2Cvalues%3AList%28%28text%3AKisanKonnect%2CselectionType%3AINCLUDED%29%29%29%2C%28type%3ASENIORITY_LEVEL%2Cvalues%3AList%28%28id%3A310%2CselectionType%3AINCLUDED%29%2C%28id%3A300%2CselectionType%3AINCLUDED%29%2C%28id%3A220%2CselectionType%3AINCLUDED%29%2C%28id%3A320%2CselectionType%3AINCLUDED%29%29%29%29%29,pending
Prospect,85,Raymond,Raymond,https://www.linkedin.com/sales/search/people?query=%28filters%3AList%28%28type%3ACURRENT_COMPANY%2Cvalues%3AList%28%28text%3ARaymond%2CselectionType%3AINCLUDED%29%29%29%2C%28type%3ASENIORITY_LEVEL%2Cvalues%3AList%28%28id%3A310%2CselectionType%3AINCLUDED%29%2C%28id%3A300%2CselectionType%3AINCLUDED%29%2C%28id%3A220%2CselectionType%3AINCLUDED%29%2C%28id%3A320%2CselectionType%3AINCLUDED%29%29%29%2C%28type%3AFUNCTION%2Cvalues%3AList%28%28id%3A13%2CselectionType%3AINCLUDED%29%2C%28id%3A8%2CselectionType%3AINCLUDED%29%29%29%29%29,https://www.linkedin.com/sales/search/people?query=%28filters%3AList%28%28type%3ACURRENT_COMPANY%2Cvalues%3AList%28%28text%3ARaymond%2CselectionType%3AINCLUDED%29%29%29%2C%28type%3ASENIORITY_LEVEL%2Cvalues%3AList%28%28id%3A310%2CselectionType%3AINCLUDED%29%2C%28id%3A300%2CselectionType%3AINCLUDED%29%2C%28id%3A220%2CselectionType%3AINCLUDED%29%2C%28id%3A320%2CselectionType%3AINCLUDED%29%29%29%29%29,pending
Prospect,86,V-Guard Industries,V-Guard Industries,https://www.linkedin.com/sales/search/people?query=%28filters%3AList%28%28type%3ACURRENT_COMPANY%2Cvalues%3AList%28%28text%3AV-Guard%20Industries%2CselectionType%3AINCLUDED%29%29%29%2C%28type%3ASENIORITY_LEVEL%2Cvalues%3AList%28%28id%3A310%2CselectionType%3AINCLUDED%29%2C%28id%3A300%2CselectionType%3AINCLUDED%29%2C%28id%3A220%2CselectionType%3AINCLUDED%29%2C%28id%3A320%2CselectionType%3AINCLUDED%29%29%29%2C%28type%3AFUNCTION%2Cvalues%3AList%28%28id%3A13%2CselectionType%3AINCLUDED%29%2C%28id%3A8%2CselectionType%3AINCLUDED%29%29%29%29%29,https://www.linkedin.com/sales/search/people?query=%28filters%3AList%28%28type%3ACURRENT_COMPANY%2Cvalues%3AList%28%28text%3AV-Guard%20Industries%2CselectionType%3AINCLUDED%29%29%29%2C%28type%3ASENIORITY_LEVEL%2Cvalues%3AList%28%28id%3A310%2CselectionType%3AINCLUDED%29%2C%28id%3A300%2CselectionType%3AINCLUDED%29%2C%28id%3A220%2CselectionType%3AINCLUDED%29%2C%28id%3A320%2CselectionType%3AINCLUDED%29%29%29%29%29,pending
Prospect,87,Spoton Logistics,Spoton Logistics,https://www.linkedin.com/sales/search/people?query=%28filters%3AList%28%28type%3ACURRENT_COMPANY%2Cvalues%3AList%28%28text%3ASpoton%20Logistics%2CselectionType%3AINCLUDED%29%29%29%2C%28type%3ASENIORITY_LEVEL%2Cvalues%3AList%28%28id%3A310%2CselectionType%3AINCLUDED%29%2C%28id%3A300%2CselectionType%3AINCLUDED%29%2C%28id%3A220%2CselectionType%3AINCLUDED%29%2C%28id%3A320%2CselectionType%3AINCLUDED%29%29%29%2C%28type%3AFUNCTION%2Cvalues%3AList%28%28id%3A13%2CselectionType%3AINCLUDED%29%2C%28id%3A8%2CselectionType%3AINCLUDED%29%29%29%29%29,https://www.linkedin.com/sales/search/people?query=%28filters%3AList%28%28type%3ACURRENT_COMPANY%2Cvalues%3AList%28%28text%3ASpoton%20Logistics%2CselectionType%3AINCLUDED%29%29%29%2C%28type%3ASENIORITY_LEVEL%2Cvalues%3AList%28%28id%3A310%2CselectionType%3AINCLUDED%29%2C%28id%3A300%2CselectionType%3AINCLUDED%29%2C%28id%3A220%2CselectionType%3AINCLUDED%29%2C%28id%3A320%2CselectionType%3AINCLUDED%29%29%29%29%29,pending
Prospect,88,TripFactory,TripFactory,https://www.linkedin.com/sales/search/people?query=%28filters%3AList%28%28type%3ACURRENT_COMPANY%2Cvalues%3AList%28%28text%3ATripFactory%2CselectionType%3AINCLUDED%29%29%29%2C%28type%3ASENIORITY_LEVEL%2Cvalues%3AList%28%28id%3A310%2CselectionType%3AINCLUDED%29%2C%28id%3A300%2CselectionType%3AINCLUDED%29%2C%28id%3A220%2CselectionType%3AINCLUDED%29%2C%28id%3A320%2CselectionType%3AINCLUDED%29%29%29%2C%28type%3AFUNCTION%2Cvalues%3AList%28%28id%3A13%2CselectionType%3AINCLUDED%29%2C%28id%3A8%2CselectionType%3AINCLUDED%29%29%29%29%29,https://www.linkedin.com/sales/search/people?query=%28filters%3AList%28%28type%3ACURRENT_COMPANY%2Cvalues%3AList%28%28text%3ATripFactory%2CselectionType%3AINCLUDED%29%29%29%2C%28type%3ASENIORITY_LEVEL%2Cvalues%3AList%28%28id%3A310%2CselectionType%3AINCLUDED%29%2C%28id%3A300%2CselectionType%3AINCLUDED%29%2C%28id%3A220%2CselectionType%3AINCLUDED%29%2C%28id%3A320%2CselectionType%3AINCLUDED%29%29%29%29%29,pending
Prospect,89,Plum Goodness,Plum Goodness,https://www.linkedin.com/sales/search/people?query=%28filters%3AList%28%28type%3ACURRENT_COMPANY%2Cvalues%3AList%28%28text%3APlum%20Goodness%2CselectionType%3AINCLUDED%29%29%29%2C%28type%3ASENIORITY_LEVEL%2Cvalues%3AList%28%28id%3A310%2CselectionType%3AINCLUDED%29%2C%28id%3A300%2CselectionType%3AINCLUDED%29%2C%28id%3A220%2CselectionType%3AINCLUDED%29%2C%28id%3A320%2CselectionType%3AINCLUDED%29%29%29%2C%28type%3AFUNCTION%2Cvalues%3AList%28%28id%3A13%2CselectionType%3AINCLUDED%29%2C%28id%3A8%2CselectionType%3AINCLUDED%29%29%29%29%29,https://www.linkedin.com/sales/search/people?query=%28filters%3AList%28%28type%3ACURRENT_COMPANY%2Cvalues%3AList%28%28text%3APlum%20Goodness%2CselectionType%3AINCLUDED%29%29%29%2C%28type%3ASENIORITY_LEVEL%2Cvalues%3AList%28%28id%3A310%2CselectionType%3AINCLUDED%29%2C%28id%3A300%2CselectionType%3AINCLUDED%29%2C%28id%3A220%2CselectionType%3AINCLUDED%29%2C%28id%3A320%2CselectionType%3AINCLUDED%29%29%29%29%29,pending
Prospect,90,Zoomcar,Zoomcar,https://www.linkedin.com/sales/search/people?query=%28filters%3AList%28%28type%3ACURRENT_COMPANY%2Cvalues%3AList%28%28text%3AZoomcar%2CselectionType%3AINCLUDED%29%29%29%2C%28type%3ASENIORITY_LEVEL%2Cvalues%3AList%28%28id%3A310%2CselectionType%3AINCLUDED%29%2C%28id%3A300%2CselectionType%3AINCLUDED%29%2C%28id%3A220%2CselectionType%3AINCLUDED%29%2C%28id%3A320%2CselectionType%3AINCLUDED%29%29%29%2C%28type%3AFUNCTION%2Cvalues%3AList%28%28id%3A13%2CselectionType%3AINCLUDED%29%2C%28id%3A8%2CselectionType%3AINCLUDED%29%29%29%29%29,https://www.linkedin.com/sales/search/people?query=%28filters%3AList%28%28type%3ACURRENT_COMPANY%2Cvalues%3AList%28%28text%3AZoomcar%2CselectionType%3AINCLUDED%29%29%29%2C%28type%3ASENIORITY_LEVEL%2Cvalues%3AList%28%28id%3A310%2CselectionType%3AINCLUDED%29%2C%28id%3A300%2CselectionType%3AINCLUDED%29%2C%28id%3A220%2CselectionType%3AINCLUDED%29%2C%28id%3A320%2CselectionType%3AINCLUDED%29%29%29%29%29,pending
Prospect,91,V-Mart Retail,V-Mart Retail,https://www.linkedin.com/sales/search/people?query=%28filters%3AList%28%28type%3ACURRENT_COMPANY%2Cvalues%3AList%28%28text%3AV-Mart%20Retail%2CselectionType%3AINCLUDED%29%29%29%2C%28type%3ASENIORITY_LEVEL%2Cvalues%3AList%28%28id%3A310%2CselectionType%3AINCLUDED%29%2C%28id%3A300%2CselectionType%3AINCLUDED%29%2C%28id%3A220%2CselectionType%3AINCLUDED%29%2C%28id%3A320%2CselectionType%3AINCLUDED%29%29%29%2C%28type%3AFUNCTION%2Cvalues%3AList%28%28id%3A13%2CselectionType%3AINCLUDED%29%2C%28id%3A8%2CselectionType%3AINCLUDED%29%29%29%29%29,https://www.linkedin.com/sales/search/people?query=%28filters%3AList%28%28type%3ACURRENT_COMPANY%2Cvalues%3AList%28%28text%3AV-Mart%20Retail%2CselectionType%3AINCLUDED%29%29%29%2C%28type%3ASENIORITY_LEVEL%2Cvalues%3AList%28%28id%3A310%2CselectionType%3AINCLUDED%29%2C%28id%3A300%2CselectionType%3AINCLUDED%29%2C%28id%3A220%2CselectionType%3AINCLUDED%29%2C%28id%3A320%2CselectionType%3AINCLUDED%29%29%29%29%29,pending
Prospect,92,SuperK,SuperK,https://www.linkedin.com/sales/search/people?query=%28filters%3AList%28%28type%3ACURRENT_COMPANY%2Cvalues%3AList%28%28text%3ASuperK%2CselectionType%3AINCLUDED%29%29%29%2C%28type%3ASENIORITY_LEVEL%2Cvalues%3AList%28%28id%3A310%2CselectionType%3AINCLUDED%29%2C%28id%3A300%2CselectionType%3AINCLUDED%29%2C%28id%3A220%2CselectionType%3AINCLUDED%29%2C%28id%3A320%2CselectionType%3AINCLUDED%29%29%29%2C%28type%3AFUNCTION%2Cvalues%3AList%28%28id%3A13%2CselectionType%3AINCLUDED%29%2C%28id%3A8%2CselectionType%3AINCLUDED%29%29%29%29%29,https://www.linkedin.com/sales/search/people?query=%28filters%3AList%28%28type%3ACURRENT_COMPANY%2Cvalues%3AList%28%28text%3ASuperK%2CselectionType%3AINCLUDED%29%29%29%2C%28type%3ASENIORITY_LEVEL%2Cvalues%3AList%28%28id%3A310%2CselectionType%3AINCLUDED%29%2C%28id%3A300%2CselectionType%3AINCLUDED%29%2C%28id%3A220%2CselectionType%3AINCLUDED%29%2C%28id%3A320%2CselectionType%3AINCLUDED%29%29%29%29%29,pending
Prospect,93,Naturals Salon,Naturals Salon,https://www.linkedin.com/sales/search/people?query=%28filters%3AList%28%28type%3ACURRENT_COMPANY%2Cvalues%3AList%28%28text%3ANaturals%20Salon%2CselectionType%3AINCLUDED%29%29%29%2C%28type%3ASENIORITY_LEVEL%2Cvalues%3AList%28%28id%3A310%2CselectionType%3AINCLUDED%29%2C%28id%3A300%2CselectionType%3AINCLUDED%29%2C%28id%3A220%2CselectionType%3AINCLUDED%29%2C%28id%3A320%2CselectionType%3AINCLUDED%29%29%29%2C%28type%3AFUNCTION%2Cvalues%3AList%28%28id%3A13%2CselectionType%3AINCLUDED%29%2C%28id%3A8%2CselectionType%3AINCLUDED%29%29%29%29%29,https://www.linkedin.com/sales/search/people?query=%28filters%3AList%28%28type%3ACURRENT_COMPANY%2Cvalues%3AList%28%28text%3ANaturals%20Salon%2CselectionType%3AINCLUDED%29%29%29%2C%28type%3ASENIORITY_LEVEL%2Cvalues%3AList%28%28id%3A310%2CselectionType%3AINCLUDED%29%2C%28id%3A300%2CselectionType%3AINCLUDED%29%2C%28id%3A220%2CselectionType%3AINCLUDED%29%2C%28id%3A320%2CselectionType%3AINCLUDED%29%29%29%29%29,pending
Prospect,94,The Body Shop India,The Body Shop India,https://www.linkedin.com/sales/search/people?query=%28filters%3AList%28%28type%3ACURRENT_COMPANY%2Cvalues%3AList%28%28text%3AThe%20Body%20Shop%20India%2CselectionType%3AINCLUDED%29%29%29%2C%28type%3ASENIORITY_LEVEL%2Cvalues%3AList%28%28id%3A310%2CselectionType%3AINCLUDED%29%2C%28id%3A300%2CselectionType%3AINCLUDED%29%2C%28id%3A220%2CselectionType%3AINCLUDED%29%2C%28id%3A320%2CselectionType%3AINCLUDED%29%29%29%2C%28type%3AFUNCTION%2Cvalues%3AList%28%28id%3A13%2CselectionType%3AINCLUDED%29%2C%28id%3A8%2CselectionType%3AINCLUDED%29%29%29%29%29,https://www.linkedin.com/sales/search/people?query=%28filters%3AList%28%28type%3ACURRENT_COMPANY%2Cvalues%3AList%28%28text%3AThe%20Body%20Shop%20India%2CselectionType%3AINCLUDED%29%29%29%2C%28type%3ASENIORITY_LEVEL%2Cvalues%3AList%28%28id%3A310%2CselectionType%3AINCLUDED%29%2C%28id%3A300%2CselectionType%3AINCLUDED%29%2C%28id%3A220%2CselectionType%3AINCLUDED%29%2C%28id%3A320%2CselectionType%3AINCLUDED%29%29%29%29%29,pending
Prospect,95,Forest Essentials,Forest Essentials,https://www.linkedin.com/sales/search/people?query=%28filters%3AList%28%28type%3ACURRENT_COMPANY%2Cvalues%3AList%28%28text%3AForest%20Essentials%2CselectionType%3AINCLUDED%29%29%29%2C%28type%3ASENIORITY_LEVEL%2Cvalues%3AList%28%28id%3A310%2CselectionType%3AINCLUDED%29%2C%28id%3A300%2CselectionType%3AINCLUDED%29%2C%28id%3A220%2CselectionType%3AINCLUDED%29%2C%28id%3A320%2CselectionType%3AINCLUDED%29%29%29%2C%28type%3AFUNCTION%2Cvalues%3AList%28%28id%3A13%2CselectionType%3AINCLUDED%29%2C%28id%3A8%2CselectionType%3AINCLUDED%29%29%29%29%29,https://www.linkedin.com/sales/search/people?query=%28filters%3AList%28%28type%3ACURRENT_COMPANY%2Cvalues%3AList%28%28text%3AForest%20Essentials%2CselectionType%3AINCLUDED%29%29%29%2C%28type%3ASENIORITY_LEVEL%2Cvalues%3AList%28%28id%3A310%2CselectionType%3AINCLUDED%29%2C%28id%3A300%2CselectionType%3AINCLUDED%29%2C%28id%3A220%2CselectionType%3AINCLUDED%29%2C%28id%3A320%2CselectionType%3AINCLUDED%29%29%29%29%29,pending
Prospect,96,Safexpress,Safexpress,https://www.linkedin.com/sales/search/people?query=%28filters%3AList%28%28type%3ACURRENT_COMPANY%2Cvalues%3AList%28%28text%3ASafexpress%2CselectionType%3AINCLUDED%29%29%29%2C%28type%3ASENIORITY_LEVEL%2Cvalues%3AList%28%28id%3A310%2CselectionType%3AINCLUDED%29%2C%28id%3A300%2CselectionType%3AINCLUDED%29%2C%28id%3A220%2CselectionType%3AINCLUDED%29%2C%28id%3A320%2CselectionType%3AINCLUDED%29%29%29%2C%28type%3AFUNCTION%2Cvalues%3AList%28%28id%3A13%2CselectionType%3AINCLUDED%29%2C%28id%3A8%2CselectionType%3AINCLUDED%29%29%29%29%29,https://www.linkedin.com/sales/search/people?query=%28filters%3AList%28%28type%3ACURRENT_COMPANY%2Cvalues%3AList%28%28text%3ASafexpress%2CselectionType%3AINCLUDED%29%29%29%2C%28type%3ASENIORITY_LEVEL%2Cvalues%3AList%28%28id%3A310%2CselectionType%3AINCLUDED%29%2C%28id%3A300%2CselectionType%3AINCLUDED%29%2C%28id%3A220%2CselectionType%3AINCLUDED%29%2C%28id%3A320%2CselectionType%3AINCLUDED%29%29%29%29%29,pending
Prospect,97,Sarovar Hotels,Sarovar Hotels,https://www.linkedin.com/sales/search/people?query=%28filters%3AList%28%28type%3ACURRENT_COMPANY%2Cvalues%3AList%28%28text%3ASarovar%20Hotels%2CselectionType%3AINCLUDED%29%29%29%2C%28type%3ASENIORITY_LEVEL%2Cvalues%3AList%28%28id%3A310%2CselectionType%3AINCLUDED%29%2C%28id%3A300%2CselectionType%3AINCLUDED%29%2C%28id%3A220%2CselectionType%3AINCLUDED%29%2C%28id%3A320%2CselectionType%3AINCLUDED%29%29%29%2C%28type%3AFUNCTION%2Cvalues%3AList%28%28id%3A13%2CselectionType%3AINCLUDED%29%2C%28id%3A8%2CselectionType%3AINCLUDED%29%29%29%29%29,https://www.linkedin.com/sales/search/people?query=%28filters%3AList%28%28type%3ACURRENT_COMPANY%2Cvalues%3AList%28%28text%3ASarovar%20Hotels%2CselectionType%3AINCLUDED%29%29%29%2C%28type%3ASENIORITY_LEVEL%2Cvalues%3AList%28%28id%3A310%2CselectionType%3AINCLUDED%29%2C%28id%3A300%2CselectionType%3AINCLUDED%29%2C%28id%3A220%2CselectionType%3AINCLUDED%29%2C%28id%3A320%2CselectionType%3AINCLUDED%29%29%29%29%29,pending
Prospect,98,SUGAR Cosmetics,SUGAR Cosmetics,https://www.linkedin.com/sales/search/people?query=%28filters%3AList%28%28type%3ACURRENT_COMPANY%2Cvalues%3AList%28%28text%3ASUGAR%20Cosmetics%2CselectionType%3AINCLUDED%29%29%29%2C%28type%3ASENIORITY_LEVEL%2Cvalues%3AList%28%28id%3A310%2CselectionType%3AINCLUDED%29%2C%28id%3A300%2CselectionType%3AINCLUDED%29%2C%28id%3A220%2CselectionType%3AINCLUDED%29%2C%28id%3A320%2CselectionType%3AINCLUDED%29%29%29%2C%28type%3AFUNCTION%2Cvalues%3AList%28%28id%3A13%2CselectionType%3AINCLUDED%29%2C%28id%3A8%2CselectionType%3AINCLUDED%29%29%29%29%29,https://www.linkedin.com/sales/search/people?query=%28filters%3AList%28%28type%3ACURRENT_COMPANY%2Cvalues%3AList%28%28text%3ASUGAR%20Cosmetics%2CselectionType%3AINCLUDED%29%29%29%2C%28type%3ASENIORITY_LEVEL%2Cvalues%3AList%28%28id%3A310%2CselectionType%3AINCLUDED%29%2C%28id%3A300%2CselectionType%3AINCLUDED%29%2C%28id%3A220%2CselectionType%3AINCLUDED%29%2C%28id%3A320%2CselectionType%3AINCLUDED%29%29%29%29%29,pending
Prospect,99,Emami,Emami,https://www.linkedin.com/sales/search/people?query=%28filters%3AList%28%28type%3ACURRENT_COMPANY%2Cvalues%3AList%28%28text%3AEmami%2CselectionType%3AINCLUDED%29%29%29%2C%28type%3ASENIORITY_LEVEL%2Cvalues%3AList%28%28id%3A310%2CselectionType%3AINCLUDED%29%2C%28id%3A300%2CselectionType%3AINCLUDED%29%2C%28id%3A220%2CselectionType%3AINCLUDED%29%2C%28id%3A320%2CselectionType%3AINCLUDED%29%29%29%2C%28type%3AFUNCTION%2Cvalues%3AList%28%28id%3A13%2CselectionType%3AINCLUDED%29%2C%28id%3A8%2CselectionType%3AINCLUDED%29%29%29%29%29,https://www.linkedin.com/sales/search/people?query=%28filters%3AList%28%28type%3ACURRENT_COMPANY%2Cvalues%3AList%28%28text%3AEmami%2CselectionType%3AINCLUDED%29%29%29%2C%28type%3ASENIORITY_LEVEL%2Cvalues%3AList%28%28id%3A310%2CselectionType%3AINCLUDED%29%2C%28id%3A300%2CselectionType%3AINCLUDED%29%2C%28id%3A220%2CselectionType%3AINCLUDED%29%2C%28id%3A320%2CselectionType%3AINCLUDED%29%29%29%29%29,pending
Prospect,100,Melorra,Melorra,https://www.linkedin.com/sales/search/people?query=%28filters%3AList%28%28type%3ACURRENT_COMPANY%2Cvalues%3AList%28%28text%3AMelorra%2CselectionType%3AINCLUDED%29%29%29%2C%28type%3ASENIORITY_LEVEL%2Cvalues%3AList%28%28id%3A310%2CselectionType%3AINCLUDED%29%2C%28id%3A300%2CselectionType%3AINCLUDED%29%2C%28id%3A220%2CselectionType%3AINCLUDED%29%2C%28id%3A320%2CselectionType%3AINCLUDED%29%29%29%2C%28type%3AFUNCTION%2Cvalues%3AList%28%28id%3A13%2CselectionType%3AINCLUDED%29%2C%28id%3A8%2CselectionType%3AINCLUDED%29%29%29%29%29,https://www.linkedin.com/sales/search/people?query=%28filters%3AList%28%28type%3ACURRENT_COMPANY%2Cvalues%3AList%28%28text%3AMelorra%2CselectionType%3AINCLUDED%29%29%29%2C%28type%3ASENIORITY_LEVEL%2Cvalues%3AList%28%28id%3A310%2CselectionType%3AINCLUDED%29%2C%28id%3A300%2CselectionType%3AINCLUDED%29%2C%28id%3A220%2CselectionType%3AINCLUDED%29%2C%28id%3A320%2CselectionType%3AINCLUDED%29%29%29%29%29,pending
